time,seconds_elapsed,z,y,x
1761915703112590300,0.06859033203125,-0.98358154296875,-0.1556549072265625,0.0576934814453125
1761915703122644200,0.078644287109375,-0.9911651611328125,-0.15667724609375,0.0595245361328125
1761915703132698000,0.088697998046875,-0.996917724609375,-0.158294677734375,0.0573883056640625
1761915703142752300,0.098752197265625,-0.9996337890625,-0.1551055908203125,0.0561676025390625
1761915703152806100,0.10880615234375,-1.00042724609375,-0.1519927978515625,0.0540771484375
1761915703162860000,0.118860107421875,-1.0030975341796875,-0.1513519287109375,0.04937744140625
1761915703172914000,0.128913818359375,-1.002685546875,-0.151092529296875,0.046600341796875
1761915703182968000,0.138968017578125,-1.00018310546875,-0.1524658203125,0.0426788330078125
1761915703193022200,0.149022216796875,-0.9927825927734375,-0.154876708984375,0.04071044921875
1761915703203076000,0.159076171875,-0.980133056640625,-0.1600341796875,0.0319671630859375
1761915703213130200,0.169130126953125,-0.9676361083984375,-0.1616363525390625,0.0245819091796875
1761915703223184100,0.17918408203125,-0.957855224609375,-0.163787841796875,0.0189971923828125
1761915703233238300,0.18923828125,-0.9575042724609375,-0.1651763916015625,0.0181884765625
1761915703243293000,0.19929296875,-0.9628753662109375,-0.1681976318359375,0.0198974609375
1761915703253347000,0.20934716796875,-0.96435546875,-0.172607421875,0.0169219970703125
1761915703263401000,0.21940087890625,-0.954345703125,-0.1744842529296875,0.0136260986328125
1761915703273455000,0.229455078125,-0.9448699951171875,-0.1732940673828125,0.009124755859375
1761915703283509200,0.23950927734375,-0.944305419921875,-0.17291259765625,0.005950927734375
1761915703293563100,0.249563232421875,-0.9598236083984375,-0.1618804931640625,0.01007080078125
1761915703303617300,0.2596171875,-0.9855194091796875,-0.1498565673828125,0.0171661376953125
1761915703313671200,0.269671142578125,-0.9922637939453125,-0.1424713134765625,0.0212554931640625
1761915703323725300,0.279725341796875,-0.97564697265625,-0.1421966552734375,0.0214996337890625
1761915703333779200,0.289779296875,-0.9761199951171875,-0.15191650390625,0.013702392578125
1761915703343833000,0.2998330078125,-0.9846343994140625,-0.1530303955078125,0.014129638671875
1761915703353887000,0.309886962890625,-0.985626220703125,-0.153564453125,0.0256500244140625
1761915703363941000,0.319941162109375,-1.0020294189453125,-0.1638031005859375,0.023284912109375
1761915703373995000,0.3299951171875,-1.00372314453125,-0.1612548828125,0.0368804931640625
1761915703384050200,0.34005029296875,-1.00555419921875,-0.1640777587890625,0.0361785888671875
1761915703394104300,0.350104248046875,-0.997711181640625,-0.1635894775390625,0.0428619384765625
1761915703404158200,0.360158203125,-0.9954833984375,-0.16900634765625,0.0384674072265625
1761915703414212400,0.37021240234375,-0.9906005859375,-0.1691741943359375,0.0401611328125
1761915703424266000,0.380265869140625,-0.9979095458984375,-0.1783294677734375,0.03582763671875
1761915703434320100,0.390320068359375,-0.98876953125,-0.179107666015625,0.0379638671875
1761915703444374000,0.4003740234375,-0.97015380859375,-0.177581787109375,0.030853271484375
1761915703454428200,0.41042822265625,-0.951873779296875,-0.1881866455078125,0.009033203125
1761915703464482000,0.42048193359375,-0.92718505859375,-0.20404052734375,-0.02056884765625
1761915703474536200,0.4305361328125,-0.919158935546875,-0.21417236328125,-0.0401458740234375
1761915703484590000,0.440590087890625,-0.934326171875,-0.206939697265625,-0.044097900390625
1761915703494644200,0.450644287109375,-0.942047119140625,-0.1973724365234375,-0.0419921875
1761915703504698000,0.460697998046875,-0.9295806884765625,-0.199859619140625,-0.0478057861328125
1761915703514752300,0.470752197265625,-0.92755126953125,-0.207611083984375,-0.0612030029296875
1761915703524807200,0.48080712890625,-0.9277496337890625,-0.2032470703125,-0.0655059814453125
1761915703534861000,0.490861083984375,-0.943145751953125,-0.1971588134765625,-0.0702362060546875
1761915703544915200,0.500915283203125,-0.935760498046875,-0.18402099609375,-0.0702056884765625
1761915703554969000,0.510968994140625,-0.94427490234375,-0.1734466552734375,-0.0806121826171875
1761915703565023200,0.521023193359375,-0.958892822265625,-0.1558837890625,-0.0832672119140625
1761915703575077000,0.5310771484375,-0.9765625,-0.14080810546875,-0.0786895751953125
1761915703585131300,0.54113134765625,-1.0025177001953125,-0.1374969482421875,-0.07318115234375
1761915703595185200,0.55118505859375,-1.0119781494140625,-0.1308746337890625,-0.0625762939453125
1761915703605239000,0.561239013671875,-1.017822265625,-0.1284027099609375,-0.0534820556640625
1761915703615293000,0.57129296875,-1.029052734375,-0.13067626953125,-0.0491180419921875
1761915703625347000,0.58134716796875,-1.0406341552734375,-0.1263275146484375,-0.0369110107421875
1761915703635401200,0.591401123046875,-1.05194091796875,-0.122406005859375,-0.0220794677734375
1761915703645455000,0.601455078125,-1.050506591796875,-0.1247711181640625,-0.01318359375
1761915703655509200,0.61150927734375,-1.0401458740234375,-0.1271209716796875,-0.006683349609375
1761915703665563100,0.621563232421875,-1.025665283203125,-0.130584716796875,-0.0027313232421875
1761915703675618000,0.6316181640625,-1.0060882568359375,-0.1346588134765625,0.00323486328125
1761915703685672000,0.641671875,-0.9891357421875,-0.1407318115234375,0.011993408203125
1761915703695726000,0.65172607421875,-0.9798126220703125,-0.1464080810546875,0.0204620361328125
1761915703705780000,0.661780029296875,-0.9724578857421875,-0.1524658203125,0.0263519287109375
1761915703715834000,0.671834228515625,-0.9726715087890625,-0.1598052978515625,0.0307464599609375
1761915703725888300,0.68188818359375,-0.9763641357421875,-0.165130615234375,0.033721923828125
1761915703735942100,0.691942138671875,-0.9759368896484375,-0.1674957275390625,0.036865234375
1761915703745996300,0.701996337890625,-0.972625732421875,-0.171630859375,0.04095458984375
1761915703756050200,0.71205029296875,-0.9765472412109375,-0.1809539794921875,0.0447998046875
1761915703766104300,0.722104248046875,-0.9883270263671875,-0.1844635009765625,0.050567626953125
1761915703776158200,0.732158203125,-0.9997100830078125,-0.1787567138671875,0.057525634765625
1761915703786212000,0.742212158203125,-0.99798583984375,-0.1789703369140625,0.055694580078125
1761915703796266000,0.752265869140625,-0.9876556396484375,-0.1826934814453125,0.049468994140625
1761915703806320000,0.762320068359375,-0.9803619384765625,-0.1871185302734375,0.04522705078125
1761915703816375300,0.772375244140625,-0.97955322265625,-0.189849853515625,0.04425048828125
1761915703826429200,0.78242919921875,-0.9757232666015625,-0.1916351318359375,0.0442352294921875
1761915703836483300,0.7924833984375,-0.9749908447265625,-0.19384765625,0.0452728271484375
1761915703846537200,0.802537109375,-0.98016357421875,-0.1944732666015625,0.040618896484375
1761915703856591000,0.812591064453125,-0.9855499267578125,-0.1935577392578125,0.0342559814453125
1761915703866645000,0.82264501953125,-0.9779052734375,-0.183258056640625,0.0323638916015625
1761915703876699100,0.83269921875,-0.97686767578125,-0.172454833984375,0.0306243896484375
1761915703886753000,0.8427529296875,-0.979736328125,-0.1667633056640625,0.026885986328125
1761915703896807200,0.85280712890625,-0.982086181640625,-0.168426513671875,0.02105712890625
1761915703906861000,0.862861083984375,-0.9881744384765625,-0.1800537109375,0.018341064453125
1761915703916915200,0.872915283203125,-0.991241455078125,-0.185699462890625,0.023712158203125
1761915703926969000,0.882968994140625,-0.9908447265625,-0.18524169921875,0.031036376953125
1761915703937023200,0.893023193359375,-0.987213134765625,-0.1817626953125,0.031158447265625
1761915703947077000,0.9030771484375,-0.9853057861328125,-0.1742095947265625,0.0268402099609375
1761915703957132000,0.913132080078125,-0.9939422607421875,-0.1672821044921875,0.025634765625
1761915703967186200,0.923186279296875,-1.005218505859375,-0.160919189453125,0.027191162109375
1761915703977240000,0.933239990234375,-1.01202392578125,-0.160491943359375,0.03460693359375
1761915703987294200,0.943294189453125,-1.0142669677734375,-0.171783447265625,0.04254150390625
1761915703997348000,0.95334814453125,-1.0103759765625,-0.1848297119140625,0.0462799072265625
1761915704007402200,0.96340234375,-0.995758056640625,-0.19244384765625,0.0436859130859375
1761915704017456000,0.9734560546875,-0.920135498046875,-0.1943511962890625,0.0467987060546875
1761915704027510300,0.98351025390625,-0.7102508544921875,-0.3109130859375,0.128814697265625
1761915704037564200,0.993564208984375,-0.8452301025390625,-0.3706207275390625,0.077606201171875
1761915704047618000,1.0036181640625,-0.935516357421875,-0.2444000244140625,0.020843505859375
1761915704057672000,1.013671875,-1.033294677734375,-0.136474609375,0.02459716796875
1761915704067726000,1.02372607421875,-1.082855224609375,-0.0966033935546875,0.0428314208984375
1761915704077780200,1.0337802734375,-1.0644989013671875,-0.111053466796875,0.0315399169921875
1761915704087834000,1.043834228515625,-1.006134033203125,-0.1312408447265625,0.0026397705078125
1761915704097889300,1.05388916015625,-0.9786834716796875,-0.1411895751953125,-0.0073089599609375
1761915704107943200,1.063943115234375,-0.973602294921875,-0.14898681640625,-0.011199951171875
1761915704117997000,1.0739970703125,-0.97576904296875,-0.1611785888671875,-0.01605224609375
1761915704128051500,1.084051513671875,-0.9752044677734375,-0.1707000732421875,-0.02294921875
1761915704138105300,1.094105224609375,-0.96630859375,-0.173858642578125,-0.0263671875
1761915704148159500,1.104159423828125,-0.96044921875,-0.1756591796875,-0.02825927734375
1761915704158213400,1.11421337890625,-0.9561767578125,-0.1846160888671875,-0.0264129638671875
1761915704168267500,1.124267578125,-0.947021484375,-0.189910888671875,-0.0281982421875
1761915704178321400,1.1343212890625,-0.937103271484375,-0.18743896484375,-0.0332489013671875
1761915704188375600,1.14437548828125,-0.9432525634765625,-0.181793212890625,-0.03582763671875
1761915704198429700,1.1544296875,-0.9609527587890625,-0.176239013671875,-0.032806396484375
1761915704208483600,1.164483642578125,-0.97589111328125,-0.176849365234375,-0.0250244140625
1761915704218537500,1.174537353515625,-0.98333740234375,-0.179931640625,-0.01715087890625
1761915704228591400,1.18459130859375,-0.984344482421875,-0.1849822998046875,-0.0110626220703125
1761915704238646500,1.194646484375,-0.9825286865234375,-0.1857757568359375,-0.007537841796875
1761915704248700400,1.204700439453125,-0.983917236328125,-0.185333251953125,-0.0022125244140625
1761915704258754600,1.214754638671875,-0.94610595703125,-0.1774139404296875,0.0104827880859375
1761915704268808400,1.224808349609375,-0.822479248046875,-0.23590087890625,0.059173583984375
1761915704278862600,1.234862548828125,-0.9191131591796875,-0.291839599609375,0.0489501953125
1761915704288916500,1.24491650390625,-0.98291015625,-0.2225189208984375,0.0235748291015625
1761915704298970400,1.254970458984375,-1.0102691650390625,-0.1712646484375,0.0150299072265625
1761915704309024500,1.2650244140625,-1.0081024169921875,-0.1636505126953125,0.0142974853515625
1761915704319078400,1.275078369140625,-0.9770660400390625,-0.1727752685546875,0.0116424560546875
1761915704329132500,1.285132568359375,-0.977935791015625,-0.17681884765625,0.0044708251953125
1761915704339186400,1.2951865234375,-0.9853057861328125,-0.1733856201171875,0.004302978515625
1761915704349240600,1.305240478515625,-0.9893341064453125,-0.1676177978515625,0.00543212890625
1761915704359294500,1.31529443359375,-0.9878387451171875,-0.166534423828125,0.00262451171875
1761915704369348600,1.3253486328125,-0.98260498046875,-0.1715240478515625,-0.002655029296875
1761915704379403500,1.335403564453125,-0.9768829345703125,-0.1792449951171875,-0.005584716796875
1761915704389457400,1.34545751953125,-0.973846435546875,-0.1862640380859375,-0.006256103515625
1761915704399511600,1.355511474609375,-0.9779052734375,-0.1888580322265625,-0.0079498291015625
1761915704409565400,1.3655654296875,-0.977630615234375,-0.1792144775390625,-0.007537841796875
1761915704419619600,1.37561962890625,-0.9703369140625,-0.1707305908203125,-0.012786865234375
1761915704429673500,1.385673583984375,-0.9649200439453125,-0.169464111328125,-0.0168609619140625
1761915704439727600,1.3957275390625,-0.9732818603515625,-0.172088623046875,-0.015899658203125
1761915704449781500,1.405781494140625,-0.9836578369140625,-0.17706298828125,-0.0107269287109375
1761915704459835600,1.415835693359375,-0.9879150390625,-0.1826324462890625,-0.0057220458984375
1761915704469889300,1.42588916015625,-0.9822845458984375,-0.185394287109375,-0.002410888671875
1761915704479943400,1.435943359375,-0.9685516357421875,-0.1868896484375,-0.0041656494140625
1761915704489997300,1.445997314453125,-0.9533538818359375,-0.1881256103515625,-0.0093231201171875
1761915704500051500,1.456051513671875,-0.944488525390625,-0.186248779296875,-0.0118408203125
1761915704510105300,1.466105224609375,-0.94512939453125,-0.182586669921875,-0.0095367431640625
1761915704520159500,1.476159423828125,-0.9521331787109375,-0.1798858642578125,-0.004058837890625
1761915704530214700,1.486214599609375,-0.9678955078125,-0.1803131103515625,0.003204345703125
1761915704540268500,1.4962685546875,-0.9827880859375,-0.181427001953125,0.01129150390625
1761915704550322400,1.506322509765625,-0.9938507080078125,-0.1803436279296875,0.0168609619140625
1761915704560376300,1.516376220703125,-1.0015106201171875,-0.1785430908203125,0.0215606689453125
1761915704570430500,1.526430419921875,-1.0114288330078125,-0.17779541015625,0.020599365234375
1761915704580484400,1.536484375,-1.011444091796875,-0.1719818115234375,0.0173187255859375
1761915704590538500,1.54653857421875,-1.0030670166015625,-0.1663970947265625,0.0161590576171875
1761915704600592400,1.55659228515625,-0.94970703125,-0.1597442626953125,0.027801513671875
1761915704610646500,1.566646484375,-0.781982421875,-0.243682861328125,0.108642578125
1761915704620700400,1.576700439453125,-0.8912353515625,-0.33514404296875,0.0647125244140625
1761915704630754600,1.586754638671875,-0.9578857421875,-0.238861083984375,0.0200958251953125
1761915704640808700,1.59680859375,-1.032501220703125,-0.1567535400390625,0.0195770263671875
1761915704650862300,1.6068623046875,-1.059783935546875,-0.13360595703125,0.0217742919921875
1761915704660916500,1.61691650390625,-1.025360107421875,-0.1291046142578125,0.0150299072265625
1761915704670971400,1.626971435546875,-1.0215301513671875,-0.1319580078125,0.00897216796875
1761915704681025500,1.637025634765625,-1.0237274169921875,-0.138580322265625,0.011260986328125
1761915704691079400,1.647079345703125,-1.0211029052734375,-0.1467437744140625,0.0117645263671875
1761915704701133600,1.657133544921875,-1.006072998046875,-0.1589202880859375,0.00848388671875
1761915704711187500,1.6671875,-0.9843597412109375,-0.168487548828125,0.004547119140625
1761915704721241600,1.67724169921875,-0.9703826904296875,-0.175689697265625,0.0069427490234375
1761915704731295500,1.68729541015625,-0.96160888671875,-0.185302734375,0.012847900390625
1761915704741349400,1.697349365234375,-0.957855224609375,-0.1958770751953125,0.01483154296875
1761915704751403500,1.707403564453125,-0.973297119140625,-0.196197509765625,0.0104827880859375
1761915704761457400,1.71745751953125,-0.97265625,-0.180816650390625,0.020843505859375
1761915704771511600,1.727511474609375,-0.9604339599609375,-0.1908111572265625,0.010467529296875
1761915704781565400,1.7375654296875,-0.9437255859375,-0.1849365234375,0.0030059814453125
1761915704791619600,1.74761962890625,-0.9547119140625,-0.1790618896484375,0.0037841796875
1761915704801673500,1.757673583984375,-0.9793548583984375,-0.1772308349609375,0.009552001953125
1761915704811728400,1.767728271484375,-0.9973602294921875,-0.1765899658203125,0.0135650634765625
1761915704821782500,1.777782470703125,-1.0007781982421875,-0.1769561767578125,0.0153961181640625
1761915704831836400,1.78783642578125,-0.989959716796875,-0.170379638671875,0.014373779296875
1761915704841890600,1.797890625,-0.9720916748046875,-0.1650238037109375,0.01116943359375
1761915704851944400,1.8079443359375,-0.96136474609375,-0.16754150390625,0.005767822265625
1761915704861998600,1.81799853515625,-0.9584197998046875,-0.173553466796875,0.00262451171875
1761915704872052500,1.828052490234375,-0.963592529296875,-0.177215576171875,0.0049591064453125
1761915704882106600,1.838106689453125,-0.9721221923828125,-0.17645263671875,0.010711669921875
1761915704892160500,1.848160400390625,-0.9830474853515625,-0.1724395751953125,0.014617919921875
1761915704902214400,1.85821435546875,-0.990753173828125,-0.170867919921875,0.0170135498046875
1761915704912268300,1.868268310546875,-0.989898681640625,-0.1699066162109375,0.0175628662109375
1761915704922322400,1.878322509765625,-0.9870147705078125,-0.1695098876953125,0.013702392578125
1761915704932376300,1.888376220703125,-0.98126220703125,-0.1692962646484375,0.0123138427734375
1761915704942430500,1.898430419921875,-0.975982666015625,-0.1721038818359375,0.0110015869140625
1761915704952485600,1.908485595703125,-0.976348876953125,-0.1726837158203125,0.0153045654296875
1761915704962539500,1.91853955078125,-0.9823150634765625,-0.1746063232421875,0.0180816650390625
1761915704972593700,1.92859375,-0.9895477294921875,-0.1722412109375,0.0170440673828125
1761915704982647300,1.938647216796875,-0.995208740234375,-0.1712188720703125,0.0152130126953125
1761915704992701400,1.948701416015625,-0.995269775390625,-0.1694183349609375,0.0081024169921875
1761915705002755300,1.95875537109375,-0.9904327392578125,-0.1666107177734375,0.0035400390625
1761915705012809500,1.9688095703125,-0.9857330322265625,-0.166839599609375,-0.0003814697265625
1761915705022863400,1.97886328125,-0.9810638427734375,-0.1687774658203125,-0.0019683837890625
1761915705032917500,1.98891748046875,-0.972808837890625,-0.168914794921875,0.0012969970703125
1761915705042971400,1.998971435546875,-0.9692535400390625,-0.17022705078125,-0.000946044921875
1761915705053025500,2.009025634765625,-0.9673614501953125,-0.1702728271484375,-0.003570556640625
1761915705063079400,2.019079345703125,-0.9687347412109375,-0.163726806640625,-0.0014801025390625
1761915705073133600,2.029133544921875,-0.9778289794921875,-0.1555938720703125,0.0005035400390625
1761915705083187500,2.0391875,-0.984771728515625,-0.1511993408203125,0.0029754638671875
1761915705093242400,2.049242431640625,-0.9920196533203125,-0.150909423828125,0.0017242431640625
1761915705103296500,2.059296630859375,-0.9950408935546875,-0.1526641845703125,-0.000762939453125
1761915705113350400,2.069350341796875,-0.9868621826171875,-0.1573944091796875,-0.0033416748046875
1761915705123404500,2.079404541015625,-0.973388671875,-0.1622772216796875,-0.006134033203125
1761915705133462800,2.089462890625,-0.9583587646484375,-0.16839599609375,-0.00921630859375
1761915705143516400,2.099516357421875,-0.9543914794921875,-0.173583984375,-0.0108184814453125
1761915705153570600,2.109570556640625,-0.9609375,-0.169189453125,-0.011444091796875
1761915705163624400,2.11962451171875,-0.9706268310546875,-0.1627960205078125,-0.011993408203125
1761915705173678600,2.1296787109375,-0.9807586669921875,-0.1594696044921875,-0.01239013671875
1761915705183732700,2.139732666015625,-0.981689453125,-0.16009521484375,-0.0138092041015625
1761915705193786600,2.14978662109375,-0.9757537841796875,-0.17144775390625,-0.014312744140625
1761915705203840800,2.1598408203125,-0.97137451171875,-0.17877197265625,-0.0129547119140625
1761915705213894700,2.169894775390625,-0.9639129638671875,-0.183929443359375,-0.0138092041015625
1761915705223948800,2.17994873046875,-0.959014892578125,-0.1899566650390625,-0.013763427734375
1761915705234002700,2.190002685546875,-0.9600677490234375,-0.176483154296875,-0.0133209228515625
1761915705244057600,2.2000576171875,-0.9660491943359375,-0.1719970703125,-0.01556396484375
1761915705254111500,2.210111572265625,-0.95709228515625,-0.189422607421875,-0.0269927978515625
1761915705264165600,2.22016552734375,-0.93994140625,-0.176788330078125,-0.0284271240234375
1761915705274219800,2.2302197265625,-0.941131591796875,-0.1682891845703125,-0.023345947265625
1761915705284273700,2.240273681640625,-0.9480743408203125,-0.1700897216796875,-0.0259246826171875
1761915705294327800,2.250327880859375,-0.9492034912109375,-0.1639404296875,-0.0215911865234375
1761915705304381700,2.260381591796875,-0.9730072021484375,-0.1602325439453125,-0.01458740234375
1761915705314435800,2.270435791015625,-1.003387451171875,-0.1514434814453125,-0.0125732421875
1761915705324489500,2.280489501953125,-1.00537109375,-0.13568115234375,-0.016082763671875
1761915705334543600,2.290543701171875,-1.0087127685546875,-0.1233673095703125,-0.0237884521484375
1761915705344597500,2.300597412109375,-1.0189666748046875,-0.117095947265625,-0.022064208984375
1761915705354651600,2.310651611328125,-1.0339202880859375,-0.1209869384765625,-0.01666259765625
1761915705364705500,2.32070556640625,-1.0352630615234375,-0.124298095703125,-0.013275146484375
1761915705374760700,2.3307607421875,-1.02557373046875,-0.127288818359375,-0.0145721435546875
1761915705384814800,2.34081494140625,-1.016876220703125,-0.1312103271484375,-0.018798828125
1761915705394868700,2.35086865234375,-1.011077880859375,-0.1260833740234375,-0.0214996337890625
1761915705404922600,2.360922607421875,-0.998199462890625,-0.1272735595703125,-0.0259552001953125
1761915705414976500,2.3709765625,-0.990509033203125,-0.12982177734375,-0.0267791748046875
1761915705425030700,2.38103076171875,-0.9904327392578125,-0.128997802734375,-0.0229949951171875
1761915705435084500,2.39108447265625,-0.9898529052734375,-0.1264801025390625,-0.022186279296875
1761915705445138700,2.401138671875,-0.9849853515625,-0.129974365234375,-0.021453857421875
1761915705455192600,2.411192626953125,-0.9774017333984375,-0.1393280029296875,-0.0248260498046875
1761915705465246700,2.421246826171875,-0.969390869140625,-0.1501312255859375,-0.02972412109375
1761915705475300600,2.431300537109375,-0.96759033203125,-0.1525115966796875,-0.0328521728515625
1761915705485354800,2.441354736328125,-0.9777984619140625,-0.1495208740234375,-0.029693603515625
1761915705495408600,2.45140869140625,-0.995574951171875,-0.1450042724609375,-0.0242767333984375
1761915705505462500,2.461462646484375,-1.001708984375,-0.136138916015625,-0.0209808349609375
1761915705515517700,2.471517578125,-0.9922637939453125,-0.1272430419921875,-0.02264404296875
1761915705525571600,2.481571533203125,-0.9791259765625,-0.1234283447265625,-0.026611328125
1761915705535625700,2.491625732421875,-0.976593017578125,-0.124664306640625,-0.026885986328125
1761915705545679600,2.5016796875,-0.9827117919921875,-0.1244049072265625,-0.0216064453125
1761915705555733800,2.511733642578125,-0.9955902099609375,-0.123321533203125,-0.0130462646484375
1761915705565787600,2.52178759765625,-1.002166748046875,-0.1191558837890625,-0.007537841796875
1761915705575841800,2.531841796875,-0.998931884765625,-0.1203155517578125,-0.0038909912109375
1761915705585895400,2.5418955078125,-0.9901580810546875,-0.1244659423828125,-0.0006103515625
1761915705595949600,2.551949462890625,-0.97930908203125,-0.130706787109375,0.0049591064453125
1761915705606003700,2.562003662109375,-0.9674224853515625,-0.1364593505859375,0.0077667236328125
1761915705616057600,2.5720576171875,-0.955169677734375,-0.138916015625,0.00640869140625
1761915705626111700,2.58211181640625,-0.9550018310546875,-0.139892578125,0.0067596435546875
1761915705636165600,2.59216552734375,-0.96337890625,-0.1415252685546875,0.0051116943359375
1761915705646219800,2.6022197265625,-0.968597412109375,-0.1441497802734375,0.0031585693359375
1761915705656274400,2.6122744140625,-0.976470947265625,-0.1465606689453125,0.0031890869140625
1761915705666328600,2.62232861328125,-0.977508544921875,-0.1451416015625,0.007720947265625
1761915705676382500,2.632382568359375,-0.9794158935546875,-0.145050048828125,0.008453369140625
1761915705686436600,2.6424365234375,-0.983184814453125,-0.144195556640625,0.0079498291015625
1761915705696490500,2.652490478515625,-0.9864959716796875,-0.14886474609375,0.008636474609375
1761915705706544600,2.662544677734375,-0.98468017578125,-0.1551666259765625,0.0062103271484375
1761915705716598800,2.672598876953125,-0.9792022705078125,-0.16204833984375,0.0022430419921875
1761915705726652700,2.682652587890625,-0.9805145263671875,-0.1711883544921875,-0.00335693359375
1761915705736706800,2.692706787109375,-0.9735107421875,-0.17388916015625,-0.0097198486328125
1761915705746760700,2.7027607421875,-0.9632415771484375,-0.1698150634765625,-0.0122528076171875
1761915705756814600,2.712814697265625,-0.9703216552734375,-0.159393310546875,-0.012847900390625
1761915705766868500,2.722868408203125,-0.99176025390625,-0.147247314453125,-0.008636474609375
1761915705776922600,2.732922607421875,-1.0149993896484375,-0.1379852294921875,-0.003326416015625
1761915705786977500,2.7429775390625,-1.017608642578125,-0.131927490234375,0.00299072265625
1761915705797031700,2.75303173828125,-1.0287933349609375,-0.136932373046875,-0.00311279296875
1761915705807085800,2.7630859375,-1.01873779296875,-0.1374969482421875,-0.0027313232421875
1761915705817139700,2.7731396484375,-0.991455078125,-0.143280029296875,-0.006072998046875
1761915705827193900,2.78319384765625,-0.9658203125,-0.1566162109375,-0.0115814208984375
1761915705837247500,2.79324755859375,-0.9566802978515625,-0.166748046875,-0.01812744140625
1761915705847301600,2.803301513671875,-0.953399658203125,-0.1666717529296875,-0.0179290771484375
1761915705857355500,2.81335546875,-0.9557952880859375,-0.1642913818359375,-0.017822265625
1761915705867409700,2.82340966796875,-0.954498291015625,-0.157073974609375,-0.0160064697265625
1761915705877463600,2.833463623046875,-0.957366943359375,-0.150115966796875,-0.017181396484375
1761915705887517700,2.843517578125,-0.966644287109375,-0.143890380859375,-0.0188140869140625
1761915705897571600,2.853571533203125,-0.980987548828125,-0.14300537109375,-0.017242431640625
1761915705907625700,2.863625732421875,-0.99114990234375,-0.1420440673828125,-0.0138397216796875
1761915705917679600,2.8736796875,-0.9998626708984375,-0.1436614990234375,-0.0095672607421875
1761915705927734500,2.883734619140625,-1.0078277587890625,-0.142822265625,-0.0054931640625
1761915705937788700,2.89378857421875,-1.014739990234375,-0.1405792236328125,-0.0051727294921875
1761915705947842600,2.903842529296875,-1.013336181640625,-0.1343994140625,-0.0080718994140625
1761915705957896700,2.913896728515625,-1.0035400390625,-0.1301116943359375,-0.01324462890625
1761915705967950600,2.92395068359375,-0.9892730712890625,-0.1278533935546875,-0.0181427001953125
1761915705978004700,2.934004638671875,-0.97955322265625,-0.12664794921875,-0.0196075439453125
1761915705988058600,2.94405859375,-0.97613525390625,-0.13006591796875,-0.0185699462890625
1761915705998112800,2.95411279296875,-0.9799041748046875,-0.135528564453125,-0.015106201171875
1761915706008166700,2.964166748046875,-0.9851226806640625,-0.140716552734375,-0.013946533203125
1761915706018220500,2.974220458984375,-0.9836578369140625,-0.143646240234375,-0.0129547119140625
1761915706028274400,2.9842744140625,-0.9802703857421875,-0.1469879150390625,-0.01263427734375
1761915706038328600,2.99432861328125,-0.9788970947265625,-0.144378662109375,-0.0147857666015625
1761915706048382700,3.0043828125,-0.97296142578125,-0.1422119140625,-0.0174102783203125
1761915706058436600,3.0144365234375,-0.9648895263671875,-0.14227294921875,-0.0185394287109375
1761915706068491800,3.02449169921875,-0.961883544921875,-0.144256591796875,-0.0184783935546875
1761915706078545700,3.034545654296875,-0.9652862548828125,-0.1495819091796875,-0.017791748046875
1761915706088599800,3.044599853515625,-0.9708709716796875,-0.1496734619140625,-0.014556884765625
1761915706098653400,3.0546533203125,-0.97607421875,-0.1465301513671875,-0.0100555419921875
1761915706108707600,3.06470751953125,-0.9814453125,-0.148895263671875,-0.009490966796875
1761915706118761500,3.074761474609375,-0.9783782958984375,-0.15423583984375,-0.009796142578125
1761915706128812000,3.08481201171875,-0.974456787109375,-0.15692138671875,-0.0065765380859375
1761915706138866000,3.094865966796875,-0.978424072265625,-0.1660919189453125,-0.002471923828125
1761915706148920000,3.104920166015625,-0.9737091064453125,-0.17340087890625,0.003021240234375
1761915706158974000,3.114973876953125,-0.9723663330078125,-0.1840057373046875,0.0036773681640625
1761915706169028000,3.125028076171875,-0.9718017578125,-0.1856689453125,0.000457763671875
1761915706179082000,3.13508203125,-0.96771240234375,-0.1742095947265625,-0.0030670166015625
1761915706189136100,3.14513623046875,-0.96923828125,-0.1608734130859375,-0.0106353759765625
1761915706199191000,3.15519091796875,-0.975555419921875,-0.1523895263671875,-0.0151519775390625
1761915706209245000,3.165244873046875,-0.9835357666015625,-0.148162841796875,-0.0177001953125
1761915706219299000,3.175299072265625,-0.9891357421875,-0.147613525390625,-0.0186309814453125
1761915706229353000,3.18535302734375,-0.9842529296875,-0.1484375,-0.0189208984375
1761915706239407000,3.195406982421875,-0.9730377197265625,-0.1529388427734375,-0.020904541015625
1761915706249461000,3.2054609375,-0.9618988037109375,-0.1583251953125,-0.026275634765625
1761915706259515100,3.21551513671875,-0.9508209228515625,-0.155792236328125,-0.0291900634765625
1761915706269569000,3.225569091796875,-0.9476776123046875,-0.1518096923828125,-0.0290985107421875
1761915706279623000,3.235622802734375,-0.9540863037109375,-0.1524505615234375,-0.024993896484375
1761915706289676800,3.2456767578125,-0.9642333984375,-0.1561279296875,-0.0179595947265625
1761915706299731000,3.25573095703125,-0.97454833984375,-0.1595306396484375,-0.0162200927734375
1761915706309784800,3.265784912109375,-0.975128173828125,-0.153961181640625,-0.0142822265625
1761915706319839000,3.2758388671875,-0.9758148193359375,-0.14569091796875,-0.01739501953125
1761915706329894100,3.28589404296875,-0.9743194580078125,-0.13531494140625,-0.021209716796875
1761915706339948000,3.295947998046875,-0.973052978515625,-0.1303863525390625,-0.0222930908203125
1761915706350002200,3.306002197265625,-0.9801025390625,-0.1326141357421875,-0.0196380615234375
1761915706360055800,3.316055908203125,-0.9842071533203125,-0.14093017578125,-0.014373779296875
1761915706370110000,3.32610986328125,-0.9857025146484375,-0.1494140625,-0.0108489990234375
1761915706380163800,3.336163818359375,-0.989501953125,-0.1577301025390625,-0.00787353515625
1761915706390218000,3.346218017578125,-0.99371337890625,-0.1580963134765625,-0.0064544677734375
1761915706400272000,3.35627197265625,-0.98822021484375,-0.1540679931640625,-0.0087890625
1761915706410326000,3.366325927734375,-0.9796295166015625,-0.1497802734375,-0.013885498046875
1761915706420380000,3.3763798828125,-0.9682769775390625,-0.1480712890625,-0.019012451171875
1761915706430434000,3.38643408203125,-0.9600067138671875,-0.146881103515625,-0.0222930908203125
1761915706440488000,3.396488037109375,-0.95660400390625,-0.149688720703125,-0.0214080810546875
1761915706450542000,3.4065419921875,-0.9589996337890625,-0.152496337890625,-0.021697998046875
1761915706460597000,3.416596923828125,-0.9676055908203125,-0.1473236083984375,-0.02099609375
1761915706470651000,3.42665087890625,-0.9828033447265625,-0.1410369873046875,-0.0179443359375
1761915706480705000,3.436705078125,-0.997467041015625,-0.13629150390625,-0.017578125
1761915706490759000,3.446759033203125,-1.0004730224609375,-0.1326751708984375,-0.020233154296875
1761915706500813000,3.45681298828125,-1.004364013671875,-0.13201904296875,-0.020263671875
1761915706510867000,3.466866943359375,-1.0046539306640625,-0.133087158203125,-0.01885986328125
1761915706520921000,3.476921142578125,-1.0026397705078125,-0.135345458984375,-0.0178375244140625
1761915706530975000,3.48697509765625,-1.0003814697265625,-0.1407928466796875,-0.0185089111328125
1761915706541028900,3.49702880859375,-0.9925079345703125,-0.145233154296875,-0.0196075439453125
1761915706551083000,3.5070830078125,-0.98480224609375,-0.152801513671875,-0.0212860107421875
1761915706561137000,3.517136962890625,-0.983489990234375,-0.15557861328125,-0.0208740234375
1761915706571191000,3.52719091796875,-0.9837493896484375,-0.154998779296875,-0.019683837890625
1761915706581245000,3.537244873046875,-0.9801177978515625,-0.1524658203125,-0.018218994140625
1761915706591300000,3.547300048828125,-0.981048583984375,-0.1503143310546875,-0.0162353515625
1761915706601354000,3.55735400390625,-0.98785400390625,-0.149932861328125,-0.0133056640625
1761915706611408000,3.567407958984375,-0.9961700439453125,-0.1447906494140625,-0.0108642578125
1761915706621461800,3.577461669921875,-1.0079803466796875,-0.1378326416015625,-0.00811767578125
1761915706631516000,3.587515869140625,-1.0142059326171875,-0.1343841552734375,-0.005950927734375
1761915706641570000,3.597570068359375,-1.012176513671875,-0.135223388671875,-0.0069427490234375
1761915706651624000,3.6076240234375,-1.0052337646484375,-0.1376800537109375,-0.0091552734375
1761915706661678000,3.617677978515625,-0.993377685546875,-0.144012451171875,-0.010711669921875
1761915706671732000,3.62773193359375,-0.9824371337890625,-0.1493377685546875,-0.0124969482421875
1761915706681786000,3.6377861328125,-0.9744720458984375,-0.1510467529296875,-0.0125579833984375
1761915706691840000,3.647840087890625,-0.9667205810546875,-0.1497955322265625,-0.014068603515625
1761915706701894100,3.65789404296875,-0.9628448486328125,-0.148101806640625,-0.018035888671875
1761915706711948000,3.667947998046875,-0.962646484375,-0.1459503173828125,-0.0170135498046875
1761915706722003000,3.6780029296875,-0.9678955078125,-0.1461639404296875,-0.0159759521484375
1761915706732057000,3.68805712890625,-0.97869873046875,-0.1502838134765625,-0.015533447265625
1761915706742111000,3.698111083984375,-0.984527587890625,-0.1495819091796875,-0.0110626220703125
1761915706752165000,3.7081650390625,-0.9843902587890625,-0.1416168212890625,-0.0091400146484375
1761915706762219000,3.718218994140625,-0.986175537109375,-0.137115478515625,-0.01068115234375
1761915706772273200,3.728273193359375,-0.99017333984375,-0.1374053955078125,-0.0159759521484375
1761915706782327000,3.7383271484375,-0.988922119140625,-0.1396942138671875,-0.0202178955078125
1761915706792381000,3.748380859375,-0.9833526611328125,-0.14520263671875,-0.0211334228515625
1761915706802434800,3.758434814453125,-0.9765167236328125,-0.1458282470703125,-0.0213470458984375
1761915706812489000,3.768489013671875,-0.9738006591796875,-0.140869140625,-0.0209808349609375
1761915706822542800,3.77854296875,-0.9728546142578125,-0.1353912353515625,-0.01934814453125
1761915706832597000,3.788596923828125,-0.97552490234375,-0.1346893310546875,-0.0202484130859375
1761915706842652200,3.798652099609375,-0.974334716796875,-0.1334686279296875,-0.0220947265625
1761915706852706000,3.8087060546875,-0.971405029296875,-0.1352081298828125,-0.02606201171875
1761915706862760200,3.81876025390625,-0.97332763671875,-0.1378326416015625,-0.029449462890625
1761915706872813800,3.828813720703125,-0.981170654296875,-0.1360015869140625,-0.0266265869140625
1761915706882868000,3.838867919921875,-0.99072265625,-0.136383056640625,-0.02484130859375
1761915706892921900,3.848921875,-0.99359130859375,-0.138885498046875,-0.022552490234375
1761915706902976000,3.85897607421875,-0.989410400390625,-0.1395721435546875,-0.024932861328125
1761915706913030000,3.86902978515625,-0.9808807373046875,-0.137939453125,-0.028564453125
1761915706923084000,3.879083984375,-0.973236083984375,-0.1370697021484375,-0.0300140380859375
1761915706933138000,3.889137939453125,-0.9751434326171875,-0.1383514404296875,-0.02960205078125
1761915706943192000,3.899192138671875,-0.982086181640625,-0.13720703125,-0.027252197265625
1761915706953246000,3.909245849609375,-0.99090576171875,-0.134246826171875,-0.022705078125
1761915706963300000,3.919300048828125,-0.99725341796875,-0.1318359375,-0.019989013671875
1761915706973355000,3.92935498046875,-0.99566650390625,-0.1333770751953125,-0.0191802978515625
1761915706983409000,3.939408935546875,-0.9811859130859375,-0.137847900390625,-0.021209716796875
1761915706993463000,3.949463134765625,-0.9706573486328125,-0.140350341796875,-0.0228424072265625
1761915707003517000,3.959516845703125,-0.9723968505859375,-0.1413116455078125,-0.0251922607421875
1761915707013571000,3.969571044921875,-0.9782867431640625,-0.14111328125,-0.0242156982421875
1761915707023625000,3.979625,-0.9850006103515625,-0.1397247314453125,-0.0214691162109375
1761915707033679000,3.98967919921875,-0.9908599853515625,-0.1392974853515625,-0.0182037353515625
1761915707043733000,3.99973291015625,-0.9913482666015625,-0.1412506103515625,-0.016387939453125
1761915707053787000,4.009786865234375,-0.98895263671875,-0.1445770263671875,-0.0186767578125
1761915707063840800,4.0198408203125,-0.9875640869140625,-0.14453125,-0.0174713134765625
1761915707073895000,4.02989501953125,-0.98638916015625,-0.14678955078125,-0.016845703125
1761915707083949000,4.039948974609375,-0.9839324951171875,-0.1474609375,-0.0168609619140625
1761915707094004000,4.05000390625,-0.9805755615234375,-0.14959716796875,-0.0161895751953125
1761915707104058000,4.06005810546875,-0.9771575927734375,-0.150390625,-0.0179595947265625
1761915707114112000,4.070112060546875,-0.97454833984375,-0.1497650146484375,-0.0184478759765625
1761915707124166000,4.080165771484375,-0.97711181640625,-0.1524200439453125,-0.01995849609375
1761915707134220300,4.09022021484375,-0.9826812744140625,-0.1529083251953125,-0.018646240234375
1761915707144274200,4.100274169921875,-0.9900970458984375,-0.1477203369140625,-0.0175018310546875
1761915707154328300,4.110328369140625,-0.999908447265625,-0.1416168212890625,-0.017669677734375
1761915707164382200,4.12038232421875,-1.0013580322265625,-0.1348876953125,-0.016876220703125
1761915707174436400,4.130436279296875,-0.9946441650390625,-0.1318359375,-0.0216522216796875
1761915707184490200,4.140490234375,-0.980865478515625,-0.130096435546875,-0.025299072265625
1761915707194544400,4.15054443359375,-0.971710205078125,-0.1328582763671875,-0.0300750732421875
1761915707204598300,4.160598388671875,-0.96881103515625,-0.1343841552734375,-0.0323028564453125
1761915707214653200,4.170653076171875,-0.972137451171875,-0.1352386474609375,-0.0326385498046875
1761915707224707300,4.180707275390625,-0.9726104736328125,-0.1346893310546875,-0.0326385498046875
1761915707234761200,4.19076123046875,-0.972869873046875,-0.13604736328125,-0.032623291015625
1761915707244815400,4.2008154296875,-0.9714202880859375,-0.138031005859375,-0.0309600830078125
1761915707254869200,4.210869140625,-0.9744720458984375,-0.142486572265625,-0.0304107666015625
1761915707264923400,4.22092333984375,-0.97686767578125,-0.144561767578125,-0.0308074951171875
1761915707274977300,4.230977294921875,-0.97430419921875,-0.1413116455078125,-0.03045654296875
1761915707285031400,4.241031494140625,-0.9739227294921875,-0.1385498046875,-0.029815673828125
1761915707295085300,4.251085205078125,-0.97869873046875,-0.1371002197265625,-0.026824951171875
1761915707305139200,4.26113916015625,-0.986114501953125,-0.139801025390625,-0.02398681640625
1761915707315193000,4.271193115234375,-0.9889678955078125,-0.14263916015625,-0.0233917236328125
1761915707325247200,4.281247314453125,-0.9851531982421875,-0.1455230712890625,-0.0229034423828125
1761915707335302400,4.291302490234375,-0.9797515869140625,-0.1504669189453125,-0.02294921875
1761915707345356300,4.301356201171875,-0.98028564453125,-0.152801513671875,-0.025421142578125
1761915707355410400,4.311410400390625,-0.9854888916015625,-0.1517181396484375,-0.0240020751953125
1761915707365464300,4.32146435546875,-0.9879608154296875,-0.1515350341796875,-0.02423095703125
1761915707375518200,4.331518310546875,-0.981170654296875,-0.1503753662109375,-0.027252197265625
1761915707385572000,4.341572021484375,-0.9746856689453125,-0.1485595703125,-0.029632568359375
1761915707395626200,4.351626220703125,-0.9751434326171875,-0.148223876953125,-0.0296783447265625
1761915707405680000,4.36168017578125,-0.9818572998046875,-0.148651123046875,-0.0260772705078125
1761915707415734300,4.371734375,-0.9923553466796875,-0.1470184326171875,-0.0236053466796875
1761915707425788200,4.3817880859375,-0.9984283447265625,-0.144317626953125,-0.0222625732421875
1761915707435842300,4.39184228515625,-0.997772216796875,-0.1397705078125,-0.02227783203125
1761915707445896200,4.401896240234375,-0.99493408203125,-0.13922119140625,-0.0244903564453125
1761915707455951000,4.411951171875,-0.98785400390625,-0.1412811279296875,-0.0265960693359375
1761915707466005200,4.422005126953125,-0.9809417724609375,-0.14154052734375,-0.029205322265625
1761915707476059100,4.43205908203125,-0.9750823974609375,-0.1397552490234375,-0.029052734375
1761915707486113300,4.44211328125,-0.9742431640625,-0.1405181884765625,-0.028839111328125
1761915707496167200,4.452167236328125,-0.9793701171875,-0.14373779296875,-0.0278472900390625
1761915707506221300,4.46222119140625,-0.9854278564453125,-0.1445159912109375,-0.0264434814453125
1761915707516275200,4.472275146484375,-0.9876556396484375,-0.1448516845703125,-0.0260467529296875
1761915707526329300,4.482329345703125,-0.986572265625,-0.1441192626953125,-0.0259246826171875
1761915707536383200,4.49238330078125,-0.98779296875,-0.14398193359375,-0.0262908935546875
1761915707546437400,4.502437255859375,-0.9849395751953125,-0.143585205078125,-0.0261077880859375
1761915707556491300,4.5124912109375,-0.9777069091796875,-0.1438446044921875,-0.0284881591796875
1761915707566545200,4.522545166015625,-0.9732513427734375,-0.14501953125,-0.0297698974609375
1761915707576600300,4.532600341796875,-0.9745330810546875,-0.148529052734375,-0.0284423828125
1761915707586654200,4.542654296875,-0.9789886474609375,-0.149871826171875,-0.026519775390625
1761915707596708400,4.552708251953125,-0.9792327880859375,-0.148834228515625,-0.0290374755859375
1761915707606762200,4.56276220703125,-0.9760589599609375,-0.14776611328125,-0.028289794921875
1761915707616816400,4.57281640625,-0.9738311767578125,-0.14788818359375,-0.0290069580078125
1761915707626870300,4.582870361328125,-0.97430419921875,-0.14794921875,-0.0301666259765625
1761915707636924200,4.592924072265625,-0.9771575927734375,-0.1439971923828125,-0.02996826171875
1761915707646978300,4.602978271484375,-0.9808197021484375,-0.1392364501953125,-0.028961181640625
1761915707657032200,4.6130322265625,-0.985565185546875,-0.1388092041015625,-0.0279541015625
1761915707667086300,4.62308642578125,-0.987640380859375,-0.1391448974609375,-0.0279388427734375
1761915707677140200,4.63314013671875,-0.9853515625,-0.1446380615234375,-0.029266357421875
1761915707687194400,4.6431943359375,-0.9836578369140625,-0.146575927734375,-0.031951904296875
1761915707697249300,4.653249267578125,-0.9807891845703125,-0.142822265625,-0.029388427734375
1761915707707303200,4.66330322265625,-0.978790283203125,-0.1403045654296875,-0.027069091796875
1761915707717357000,4.673357177734375,-0.977630615234375,-0.14031982421875,-0.0263519287109375
1761915707727411200,4.6834111328125,-0.983001708984375,-0.142364501953125,-0.0261993408203125
1761915707737465300,4.69346533203125,-0.9897613525390625,-0.14434814453125,-0.0260162353515625
1761915707747519200,4.703519287109375,-0.9871673583984375,-0.1455078125,-0.02606201171875
1761915707757573400,4.713573486328125,-0.9803619384765625,-0.144195556640625,-0.02618408203125
1761915707767627300,4.723627197265625,-0.9753265380859375,-0.1432342529296875,-0.023956298828125
1761915707777681400,4.733681396484375,-0.97369384765625,-0.1448211669921875,-0.023651123046875
1761915707787735300,4.7437353515625,-0.973052978515625,-0.1489715576171875,-0.0226898193359375
1761915707797789400,4.75378955078125,-0.97125244140625,-0.15350341796875,-0.0225830078125
1761915707807844000,4.763843994140625,-0.9680938720703125,-0.15740966796875,-0.02166748046875
1761915707817898200,4.773898193359375,-0.9707183837890625,-0.1565399169921875,-0.0205230712890625
1761915707827952400,4.783952392578125,-0.979034423828125,-0.151824951171875,-0.0184478759765625
1761915707838006300,4.79400634765625,-0.986114501953125,-0.149169921875,-0.018280029296875
1761915707848060400,4.804060302734375,-0.989044189453125,-0.1492462158203125,-0.018524169921875
1761915707858114300,4.8141142578125,-0.990203857421875,-0.1520233154296875,-0.0184478759765625
1761915707868168400,4.82416845703125,-0.9873046875,-0.1528167724609375,-0.0203857421875
1761915707878222300,4.834222412109375,-0.98248291015625,-0.152618408203125,-0.0231781005859375
1761915707888276200,4.844276123046875,-0.9782562255859375,-0.15130615234375,-0.0240478515625
1761915707898330000,4.854330078125,-0.97674560546875,-0.150543212890625,-0.024169921875
1761915707908384300,4.86438427734375,-0.9812164306640625,-0.1490325927734375,-0.0272064208984375
1761915707918438100,4.874438232421875,-0.986846923828125,-0.1432037353515625,-0.0289154052734375
1761915707928493300,4.884493408203125,-0.9907379150390625,-0.138885498046875,-0.0294342041015625
1761915707938547500,4.89454736328125,-0.991729736328125,-0.1378021240234375,-0.03045654296875
1761915707948601300,4.904601318359375,-0.988006591796875,-0.136566162109375,-0.0319061279296875
1761915707958655200,4.9146552734375,-0.9850616455078125,-0.1396026611328125,-0.0314483642578125
1761915707968709000,4.924709228515625,-0.98760986328125,-0.1461029052734375,-0.031341552734375
1761915707978763300,4.93476318359375,-0.9851837158203125,-0.15130615234375,-0.0327606201171875
1761915707988817200,4.944817138671875,-0.9804534912109375,-0.1524505615234375,-0.0336151123046875
1761915707998871300,4.954871337890625,-0.9759063720703125,-0.15020751953125,-0.03594970703125
1761915708008925200,4.96492529296875,-0.9751129150390625,-0.145721435546875,-0.03607177734375
1761915708018979300,4.974979248046875,-0.9754486083984375,-0.1428375244140625,-0.036590576171875
1761915708029033200,4.985033203125,-0.974151611328125,-0.142120361328125,-0.035919189453125
1761915708039088000,4.995088134765625,-0.9795379638671875,-0.1444854736328125,-0.032470703125
1761915708049142300,5.005142333984375,-0.9886932373046875,-0.15057373046875,-0.0262603759765625
1761915708059196200,5.015196044921875,-0.9942169189453125,-0.15704345703125,-0.0234222412109375
1761915708069250300,5.025250244140625,-0.9959259033203125,-0.158966064453125,-0.02056884765625
1761915708079304200,5.03530419921875,-0.99493408203125,-0.158111572265625,-0.019195556640625
1761915708089358300,5.0453583984375,-0.990631103515625,-0.1533355712890625,-0.020660400390625
1761915708099412200,5.055412109375,-0.9807281494140625,-0.147125244140625,-0.02301025390625
1761915708109466400,5.06546630859375,-0.9709625244140625,-0.143310546875,-0.02490234375
1761915708119520300,5.075520263671875,-0.972808837890625,-0.148162841796875,-0.0247955322265625
1761915708129574000,5.085573974609375,-0.976898193359375,-0.1514739990234375,-0.0228118896484375
1761915708139627800,5.095627685546875,-0.977447509765625,-0.1554718017578125,-0.0196685791015625
1761915708149682000,5.105681884765625,-0.975982666015625,-0.1587066650390625,-0.0175018310546875
1761915708159736600,5.115736572265625,-0.975982666015625,-0.1622161865234375,-0.019317626953125
1761915708169790700,5.125790771484375,-0.973388671875,-0.1583709716796875,-0.0215911865234375
1761915708179844600,5.1358447265625,-0.97052001953125,-0.1477203369140625,-0.02191162109375
1761915708189898800,5.145898681640625,-0.9737091064453125,-0.138092041015625,-0.0242919921875
1761915708199953000,5.155952880859375,-0.9857635498046875,-0.1331787109375,-0.0260467529296875
1761915708210006800,5.1660068359375,-0.9912109375,-0.1348419189453125,-0.0268707275390625
1761915708220061000,5.17606103515625,-0.988983154296875,-0.1368408203125,-0.0300445556640625
1761915708230114800,5.18611474609375,-0.985198974609375,-0.1416168212890625,-0.0279693603515625
1761915708240168700,5.196168701171875,-0.98150634765625,-0.1460723876953125,-0.0241241455078125
1761915708250222600,5.20622265625,-0.9782867431640625,-0.14984130859375,-0.0249176025390625
1761915708260276700,5.21627685546875,-0.97686767578125,-0.1485748291015625,-0.0255889892578125
1761915708270331600,5.22633154296875,-0.9753570556640625,-0.1476898193359375,-0.028106689453125
1761915708280385800,5.2363857421875,-0.970703125,-0.1483917236328125,-0.031097412109375
1761915708290440000,5.24643994140625,-0.966827392578125,-0.1480712890625,-0.033477783203125
1761915708300493800,5.256493896484375,-0.96661376953125,-0.15087890625,-0.0318450927734375
1761915708310547700,5.266547607421875,-0.9728851318359375,-0.157623291015625,-0.0273284912109375
1761915708320601600,5.2766015625,-0.9811553955078125,-0.164520263671875,-0.02264404296875
1761915708330655700,5.28665576171875,-0.9861602783203125,-0.1675872802734375,-0.020599365234375
1761915708340709600,5.296709716796875,-0.9854888916015625,-0.1670989990234375,-0.0211029052734375
1761915708350763800,5.306763671875,-0.98046875,-0.161224365234375,-0.021026611328125
1761915708360817700,5.316817626953125,-0.9785614013671875,-0.155548095703125,-0.024200439453125
1761915708370871800,5.326871826171875,-0.9776611328125,-0.1475372314453125,-0.0272216796875
1761915708380925700,5.33692578125,-0.9815521240234375,-0.1427764892578125,-0.0276336669921875
1761915708390980600,5.346980712890625,-0.990081787109375,-0.1409149169921875,-0.0252532958984375
1761915708401034800,5.35703466796875,-0.99365234375,-0.1441650390625,-0.02392578125
1761915708411088600,5.367088623046875,-0.990692138671875,-0.1492919921875,-0.0257415771484375
1761915708421142800,5.377142822265625,-0.9847412109375,-0.1501617431640625,-0.0258941650390625
1761915708431196700,5.38719677734375,-0.979583740234375,-0.14935302734375,-0.029205322265625
1761915708441250800,5.397250732421875,-0.981658935546875,-0.1485595703125,-0.03515625
1761915708451304700,5.4073046875,-0.9895782470703125,-0.141265869140625,-0.033538818359375
1761915708461358800,5.41735888671875,-0.998291015625,-0.1375274658203125,-0.028045654296875
1761915708471412700,5.427412841796875,-0.9995574951171875,-0.1386871337890625,-0.0277557373046875
1761915708481467000,5.437466796875,-0.98980712890625,-0.1418304443359375,-0.0279541015625
1761915708491520800,5.447520751953125,-0.9786834716796875,-0.1468505859375,-0.0244293212890625
1761915708501575700,5.45757568359375,-0.9698486328125,-0.1578521728515625,-0.0270233154296875
1761915708511629800,5.4676298828125,-0.966796875,-0.1641845703125,-0.0274658203125
1761915708521683700,5.47768359375,-0.9730224609375,-0.163330078125,-0.022064208984375
1761915708531737900,5.48773779296875,-0.9829559326171875,-0.1638946533203125,-0.0185394287109375
1761915708541791700,5.497791748046875,-0.9892730712890625,-0.1624755859375,-0.019744873046875
1761915708551846000,5.507845947265625,-0.984405517578125,-0.156402587890625,-0.0203857421875
1761915708561899800,5.517899658203125,-0.9760589599609375,-0.1546173095703125,-0.0229034423828125
1761915708571953700,5.52795361328125,-0.9676055908203125,-0.1584320068359375,-0.0239105224609375
1761915708582007600,5.538007568359375,-0.966156005859375,-0.16253662109375,-0.022216796875
1761915708592061700,5.548061767578125,-0.9710540771484375,-0.1656341552734375,-0.0186614990234375
1761915708602116900,5.558116943359375,-0.9764862060546875,-0.167022705078125,-0.0194854736328125
1761915708612170800,5.568170654296875,-0.9758453369140625,-0.1649169921875,-0.0219573974609375
1761915708622225000,5.578224853515625,-0.971160888671875,-0.1630401611328125,-0.021453857421875
1761915708632278800,5.58827880859375,-0.9699554443359375,-0.16485595703125,-0.0231475830078125
1761915708642332700,5.598332763671875,-0.9716796875,-0.1663665771484375,-0.0237274169921875
1761915708652386600,5.608386474609375,-0.971923828125,-0.1636505126953125,-0.021331787109375
1761915708662440700,5.618440673828125,-0.9774932861328125,-0.160247802734375,-0.0204925537109375
1761915708672492800,5.628492919921875,-0.9819183349609375,-0.1549072265625,-0.021453857421875
1761915708682546700,5.638546630859375,-0.9847869873046875,-0.153900146484375,-0.0234832763671875
1761915708692600800,5.648600830078125,-0.9888763427734375,-0.1558380126953125,-0.025238037109375
1761915708702654700,5.65865478515625,-0.9919586181640625,-0.1569976806640625,-0.0254669189453125
1761915708712708600,5.66870849609375,-0.988189697265625,-0.1538238525390625,-0.02362060546875
1761915708722762800,5.6787626953125,-0.9843292236328125,-0.1512603759765625,-0.0236358642578125
1761915708732816600,5.688816650390625,-0.9853515625,-0.1521453857421875,-0.02197265625
1761915708742871800,5.698871826171875,-0.98455810546875,-0.1556396484375,-0.0215911865234375
1761915708752925700,5.70892578125,-0.977996826171875,-0.1581268310546875,-0.0247802734375
1761915708762979800,5.718979736328125,-0.967529296875,-0.159332275390625,-0.026702880859375
1761915708773033700,5.72903369140625,-0.9589996337890625,-0.1640777587890625,-0.031524658203125
1761915708783087600,5.739087646484375,-0.960174560546875,-0.1680908203125,-0.030609130859375
1761915708793141800,5.749141845703125,-0.96942138671875,-0.1684722900390625,-0.0285186767578125
1761915708803195600,5.759195556640625,-0.9746551513671875,-0.1656036376953125,-0.0267791748046875
1761915708813249800,5.769249755859375,-0.975067138671875,-0.161956787109375,-0.0278167724609375
1761915708823303700,5.7793037109375,-0.974700927734375,-0.1563568115234375,-0.0310516357421875
1761915708833357800,5.78935791015625,-0.9765167236328125,-0.148193359375,-0.0317535400390625
1761915708843411700,5.79941162109375,-0.9796905517578125,-0.1405181884765625,-0.0327301025390625
1761915708853466600,5.809466552734375,-0.9756927490234375,-0.143707275390625,-0.033538818359375
1761915708863520500,5.8195205078125,-0.9701690673828125,-0.1487884521484375,-0.032806396484375
1761915708873574700,5.82957470703125,-0.9708709716796875,-0.1552581787109375,-0.031036376953125
1761915708883628500,5.839628662109375,-0.9770355224609375,-0.160064697265625,-0.0287322998046875
1761915708893682700,5.8496826171875,-0.9778900146484375,-0.1566162109375,-0.0283966064453125
1761915708903736800,5.85973681640625,-0.9792633056640625,-0.1489410400390625,-0.0290679931640625
1761915708913790700,5.869790771484375,-0.9856109619140625,-0.1437225341796875,-0.0294036865234375
1761915708923844900,5.879844970703125,-0.9927825927734375,-0.1421661376953125,-0.028167724609375
1761915708933898800,5.889898681640625,-0.9900665283203125,-0.14459228515625,-0.0254669189453125
1761915708943953000,5.899952880859375,-0.9817047119140625,-0.151275634765625,-0.0243682861328125
1761915708954006800,5.9100068359375,-0.97216796875,-0.1612701416015625,-0.02337646484375
1761915708964061700,5.920061767578125,-0.9711456298828125,-0.16888427734375,-0.021759033203125
1761915708974115600,5.930115478515625,-0.9757232666015625,-0.1738433837890625,-0.0193023681640625
1761915708984169700,5.940169677734375,-0.9828033447265625,-0.174468994140625,-0.0169219970703125
1761915708994223900,5.950223876953125,-0.984283447265625,-0.1721954345703125,-0.015594482421875
1761915709004277800,5.96027783203125,-0.98724365234375,-0.1696014404296875,-0.0158538818359375
1761915709014332000,5.970331787109375,-0.9928131103515625,-0.1655120849609375,-0.01617431640625
1761915709024385800,5.9803857421875,-0.992523193359375,-0.1624908447265625,-0.0174102783203125
1761915709034439700,5.990439697265625,-0.9910888671875,-0.1631011962890625,-0.0198516845703125
1761915709044493600,6.00049365234375,-0.9874267578125,-0.1667022705078125,-0.020355224609375
1761915709054547700,6.010547607421875,-0.9806060791015625,-0.167938232421875,-0.0218505859375
1761915709064601600,6.0206015625,-0.9814605712890625,-0.1670074462890625,-0.0223388671875
1761915709074656800,6.03065673828125,-0.9835662841796875,-0.1651611328125,-0.0228424072265625
1761915709084711000,6.0407109375,-0.9836578369140625,-0.161041259765625,-0.0234527587890625
1761915709094764800,6.050764892578125,-0.9839935302734375,-0.157958984375,-0.0247650146484375
1761915709104819000,6.06081884765625,-0.9857940673828125,-0.1541290283203125,-0.0277557373046875
1761915709114872600,6.07087255859375,-0.9816131591796875,-0.149505615234375,-0.031402587890625
1761915709124926700,6.0809267578125,-0.980316162109375,-0.1480560302734375,-0.0370025634765625
1761915709134984200,6.090984130859375,-0.97833251953125,-0.1441497802734375,-0.0379638671875
1761915709145038000,6.1010380859375,-0.9699554443359375,-0.14013671875,-0.0377197265625
1761915709155092200,6.11109228515625,-0.964752197265625,-0.1429443359375,-0.0394134521484375
1761915709165146000,6.12114599609375,-0.9716949462890625,-0.146759033203125,-0.038604736328125
1761915709175201300,6.131201171875,-0.986236572265625,-0.1518707275390625,-0.0359649658203125
1761915709185255200,6.141255126953125,-0.994873046875,-0.152374267578125,-0.03179931640625
1761915709195309000,6.15130908203125,-0.9852294921875,-0.14874267578125,-0.0304412841796875
1761915709205363000,6.161363037109375,-0.972259521484375,-0.145263671875,-0.033294677734375
1761915709215417000,6.1714169921875,-0.964202880859375,-0.1431884765625,-0.0379486083984375
1761915709225471200,6.18147119140625,-0.9594879150390625,-0.146636962890625,-0.0398712158203125
1761915709235525000,6.191525146484375,-0.9580841064453125,-0.153900146484375,-0.039398193359375
1761915709245579300,6.201579345703125,-0.9632110595703125,-0.1614837646484375,-0.0364837646484375
1761915709255633200,6.211633056640625,-0.9709320068359375,-0.1668701171875,-0.0295867919921875
1761915709265689000,6.221689208984375,-0.9783172607421875,-0.168548583984375,-0.025146484375
1761915709275743200,6.2317431640625,-0.982818603515625,-0.168670654296875,-0.0233154296875
1761915709285797000,6.241797119140625,-0.9844512939453125,-0.1648712158203125,-0.022125244140625
1761915709295851300,6.251851318359375,-0.98553466796875,-0.1634674072265625,-0.02099609375
1761915709305905200,6.2619052734375,-0.98492431640625,-0.161529541015625,-0.02264404296875
1761915709315959300,6.271959228515625,-0.9835205078125,-0.15960693359375,-0.0247344970703125
1761915709326013200,6.28201318359375,-0.983367919921875,-0.1584320068359375,-0.0253448486328125
1761915709336068000,6.292068115234375,-0.980438232421875,-0.15753173828125,-0.02252197265625
1761915709346122000,6.3021220703125,-0.97686767578125,-0.1577301025390625,-0.0241241455078125
1761915709356176100,6.312176025390625,-0.978515625,-0.156219482421875,-0.025299072265625
1761915709366230300,6.322230224609375,-0.98187255859375,-0.15301513671875,-0.0265350341796875
1761915709376284200,6.3322841796875,-0.98272705078125,-0.152679443359375,-0.028656005859375
1761915709386338300,6.34233837890625,-0.985870361328125,-0.151947021484375,-0.027496337890625
1761915709396392200,6.35239208984375,-0.991302490234375,-0.15191650390625,-0.024078369140625
1761915709406446300,6.3624462890625,-0.9983673095703125,-0.151580810546875,-0.0240020751953125
1761915709416500000,6.3725,-0.9960784912109375,-0.1501922607421875,-0.02392578125
1761915709426554000,6.38255419921875,-0.986114501953125,-0.1503753662109375,-0.026580810546875
1761915709436609000,6.392609130859375,-0.97515869140625,-0.1511383056640625,-0.0306243896484375
1761915709446663200,6.4026630859375,-0.97137451171875,-0.1518707275390625,-0.0338897705078125
1761915709456717300,6.41271728515625,-0.970062255859375,-0.1536865234375,-0.0346221923828125
1761915709466771200,6.422771240234375,-0.9707489013671875,-0.1596527099609375,-0.0330810546875
1761915709476825300,6.432825439453125,-0.97259521484375,-0.1641693115234375,-0.0280609130859375
1761915709486879200,6.442879150390625,-0.9760284423828125,-0.1657562255859375,-0.0233001708984375
1761915709496933000,6.45293310546875,-0.9815521240234375,-0.1639404296875,-0.0208587646484375
1761915709506987000,6.462987060546875,-0.979705810546875,-0.159393310546875,-0.020538330078125
1761915709517041200,6.473041259765625,-0.97869873046875,-0.1544647216796875,-0.0237274169921875
1761915709527095000,6.483094970703125,-0.979095458984375,-0.149810791015625,-0.025665283203125
1761915709537150200,6.493150146484375,-0.9836883544921875,-0.149169921875,-0.0266265869140625
1761915709547204400,6.503204345703125,-0.9887542724609375,-0.1545867919921875,-0.02777099609375
1761915709557258200,6.51325830078125,-0.9962310791015625,-0.1607818603515625,-0.0245513916015625
1761915709567312100,6.52331201171875,-1.0008544921875,-0.16143798828125,-0.020294189453125
1761915709577366000,6.533365966796875,-0.9952850341796875,-0.160888671875,-0.0228118896484375
1761915709587420200,6.543420166015625,-0.984832763671875,-0.1580352783203125,-0.0284271240234375
1761915709597474000,6.55347412109375,-0.975494384765625,-0.156005859375,-0.0336456298828125
1761915709607528200,6.563528076171875,-0.968109130859375,-0.152862548828125,-0.0372314453125
1761915709617582000,6.57358203125,-0.9655914306640625,-0.150146484375,-0.039886474609375
1761915709627636200,6.58363623046875,-0.9663543701171875,-0.1475067138671875,-0.0379180908203125
1761915709637690000,6.593690185546875,-0.97308349609375,-0.1484527587890625,-0.03472900390625
1761915709647745000,6.6037451171875,-0.9834747314453125,-0.1518707275390625,-0.03076171875
1761915709657799200,6.613799072265625,-0.9954681396484375,-0.1530609130859375,-0.028564453125
1761915709667853000,6.62385302734375,-0.992919921875,-0.15045166015625,-0.0277099609375
1761915709677907200,6.6339072265625,-0.9796905517578125,-0.1435089111328125,-0.029083251953125
1761915709687961000,6.643961181640625,-0.9729156494140625,-0.1415252685546875,-0.031341552734375
1761915709698015200,6.65401513671875,-0.9698638916015625,-0.1434783935546875,-0.033660888671875
1761915709708069000,6.664069091796875,-0.9671173095703125,-0.148101806640625,-0.03582763671875
1761915709718123300,6.674123291015625,-0.9648284912109375,-0.1502838134765625,-0.0374755859375
1761915709728177200,6.68417724609375,-0.9646759033203125,-0.1521759033203125,-0.037933349609375
1761915709738231300,6.694231201171875,-0.9670257568359375,-0.1521453857421875,-0.0359039306640625
1761915709748286200,6.7042861328125,-0.976837158203125,-0.153656005859375,-0.0315399169921875
1761915709758340000,6.714340087890625,-0.9829254150390625,-0.1536407470703125,-0.029693603515625
1761915709768394200,6.724394287109375,-0.9806365966796875,-0.154937744140625,-0.02880859375
1761915709778448100,6.7344482421875,-0.985076904296875,-0.1559906005859375,-0.027984619140625
1761915709788502300,6.744502197265625,-0.989471435546875,-0.1563720703125,-0.025848388671875
1761915709798556200,6.75455615234375,-0.98828125,-0.155242919921875,-0.0257720947265625
1761915709808610300,6.7646103515625,-0.983734130859375,-0.1530609130859375,-0.025299072265625
1761915709818664200,6.774664306640625,-0.9817657470703125,-0.1511077880859375,-0.02484130859375
1761915709828718000,6.784718017578125,-0.9806976318359375,-0.1495819091796875,-0.025543212890625
1761915709838772000,6.79477197265625,-0.981231689453125,-0.1493377685546875,-0.02716064453125
1761915709848826000,6.804826171875,-0.982086181640625,-0.1488494873046875,-0.027130126953125
1761915709858881300,6.81488134765625,-0.9834747314453125,-0.15264892578125,-0.02374267578125
1761915709868935200,6.82493505859375,-0.9848175048828125,-0.1552276611328125,-0.0223388671875
1761915709878989300,6.8349892578125,-0.98614501953125,-0.15570068359375,-0.0210723876953125
1761915709889043200,6.845043212890625,-0.98431396484375,-0.1521453857421875,-0.022216796875
1761915709899097000,6.85509716796875,-0.9831695556640625,-0.14715576171875,-0.0261688232421875
1761915709909151000,6.86515087890625,-0.98358154296875,-0.144012451171875,-0.02874755859375
1761915709919205000,6.875205078125,-0.9845428466796875,-0.143524169921875,-0.0296630859375
1761915709929259000,6.885259033203125,-0.9817962646484375,-0.1436767578125,-0.0284576416015625
1761915709939313200,6.895313232421875,-0.9805145263671875,-0.1481170654296875,-0.0276031494140625
1761915709949367000,6.905366943359375,-0.978607177734375,-0.154327392578125,-0.027740478515625
1761915709959422200,6.915422119140625,-0.9765777587890625,-0.1595001220703125,-0.0271453857421875
1761915709969476000,6.92547607421875,-0.9766845703125,-0.159759521484375,-0.025360107421875
1761915709979530000,6.935530029296875,-0.9776458740234375,-0.1559906005859375,-0.022979736328125
1761915709989584100,6.945584228515625,-0.9843292236328125,-0.1533203125,-0.024261474609375
1761915709999638000,6.955637939453125,-0.9912261962890625,-0.1504364013671875,-0.025360107421875
1761915710009692200,6.965692138671875,-0.9914703369140625,-0.1457366943359375,-0.0257568359375
1761915710019746000,6.97574609375,-0.9884033203125,-0.1478424072265625,-0.0288848876953125
1761915710029800200,6.98580029296875,-0.9812164306640625,-0.1482696533203125,-0.0317230224609375
1761915710039854000,6.99585400390625,-0.9746246337890625,-0.1470184326171875,-0.0335845947265625
1761915710049908200,7.005908203125,-0.9754638671875,-0.147613525390625,-0.033233642578125
1761915710059963100,7.015963134765625,-0.9771881103515625,-0.148040771484375,-0.0305328369140625
1761915710070017000,7.02601708984375,-0.98406982421875,-0.149871826171875,-0.0288848876953125
1761915710080071200,7.0360712890625,-0.9904937744140625,-0.1522369384765625,-0.029449462890625
1761915710090125000,7.046125,-0.9929351806640625,-0.1500244140625,-0.0294952392578125
1761915710100179200,7.05617919921875,-0.9906158447265625,-0.14678955078125,-0.0284576416015625
1761915710110233000,7.066233154296875,-0.981597900390625,-0.14434814453125,-0.030059814453125
1761915710120287200,7.076287353515625,-0.9766693115234375,-0.1425933837890625,-0.0312652587890625
1761915710130341000,7.086341064453125,-0.9802093505859375,-0.144195556640625,-0.031494140625
1761915710140394800,7.096394775390625,-0.9827728271484375,-0.1489410400390625,-0.0323028564453125
1761915710150449000,7.106448974609375,-0.9810638427734375,-0.15234375,-0.030792236328125
1761915710160502800,7.116502685546875,-0.9737701416015625,-0.1513824462890625,-0.029266357421875
1761915710170557700,7.1265576171875,-0.967041015625,-0.1497955322265625,-0.02960205078125
1761915710180611800,7.13661181640625,-0.968994140625,-0.151214599609375,-0.0295562744140625
1761915710190665700,7.146665771484375,-0.9747314453125,-0.1526641845703125,-0.0259857177734375
1761915710200720000,7.156719970703125,-0.9768218994140625,-0.154510498046875,-0.021728515625
1761915710210773800,7.166773681640625,-0.9760284423828125,-0.1564483642578125,-0.02069091796875
1761915710220828000,7.176827880859375,-0.973541259765625,-0.153411865234375,-0.023712158203125
1761915710230881800,7.1868818359375,-0.973846435546875,-0.1526031494140625,-0.0250091552734375
1761915710240935700,7.196935791015625,-0.972320556640625,-0.152679443359375,-0.0266876220703125
1761915710250989600,7.206989501953125,-0.9729766845703125,-0.152557373046875,-0.0262908935546875
1761915710261043700,7.217043701171875,-0.979095458984375,-0.1536712646484375,-0.025543212890625
1761915710271099000,7.227098876953125,-0.98809814453125,-0.1514892578125,-0.0236053466796875
1761915710281152800,7.23715283203125,-0.9911346435546875,-0.147430419921875,-0.024688720703125
1761915710291207000,7.24720703125,-0.9874267578125,-0.1429290771484375,-0.0257568359375
1761915710301260800,7.2572607421875,-0.98193359375,-0.142913818359375,-0.0275726318359375
1761915710311315000,7.26731494140625,-0.98193359375,-0.1460723876953125,-0.0283355712890625
1761915710321368600,7.27736865234375,-0.987091064453125,-0.14910888671875,-0.027069091796875
1761915710331422700,7.287422607421875,-0.9876708984375,-0.1483612060546875,-0.0252227783203125
1761915710341476600,7.2974765625,-0.9872894287109375,-0.1488189697265625,-0.024871826171875
1761915710351530800,7.30753076171875,-0.9874420166015625,-0.1484222412109375,-0.0228424072265625
1761915710361584600,7.317584716796875,-0.989013671875,-0.1485443115234375,-0.0238494873046875
1761915710371638800,7.327638671875,-0.985321044921875,-0.1495208740234375,-0.02606201171875
1761915710381694000,7.33769384765625,-0.98089599609375,-0.1525726318359375,-0.0264892578125
1761915710391747800,7.347747802734375,-0.978729248046875,-0.15643310546875,-0.0255584716796875
1761915710401801700,7.3578017578125,-0.9808197021484375,-0.158843994140625,-0.022552490234375
1761915710411855600,7.367855712890625,-0.9852752685546875,-0.161895751953125,-0.021392822265625
1761915710421909800,7.37790966796875,-0.9874114990234375,-0.1603546142578125,-0.01934814453125
1761915710431963600,7.387963623046875,-0.9844818115234375,-0.15924072265625,-0.020904541015625
1761915710442017800,7.398017822265625,-0.9843597412109375,-0.1594696044921875,-0.0240478515625
1761915710452071700,7.40807177734375,-0.9836578369140625,-0.1616973876953125,-0.0262298583984375
1761915710462125800,7.418125732421875,-0.981658935546875,-0.162628173828125,-0.02667236328125
1761915710472179700,7.4281796875,-0.9812164306640625,-0.1649322509765625,-0.0258331298828125
1761915710482234600,7.438234619140625,-0.98834228515625,-0.1683807373046875,-0.0252838134765625
1761915710492288800,7.448288818359375,-0.9884033203125,-0.1658172607421875,-0.0261077880859375
1761915710502342700,7.4583427734375,-0.980682373046875,-0.158477783203125,-0.0265655517578125
1761915710512396800,7.468396728515625,-0.97674560546875,-0.15380859375,-0.0314178466796875
1761915710522450700,7.47845068359375,-0.97772216796875,-0.14874267578125,-0.034210205078125
1761915710532504800,7.4885048828125,-0.9796600341796875,-0.1463775634765625,-0.0341644287109375
1761915710542558700,7.498558837890625,-0.9824066162109375,-0.1452178955078125,-0.0328216552734375
1761915710552612900,7.50861279296875,-0.984161376953125,-0.146026611328125,-0.0312957763671875
1761915710562666800,7.518666748046875,-0.98455810546875,-0.15234375,-0.03009033203125
1761915710572720600,7.528720703125,-0.9839324951171875,-0.1548919677734375,-0.029571533203125
1761915710582774800,7.53877490234375,-0.97723388671875,-0.1537628173828125,-0.029937744140625
1761915710592829700,7.54882958984375,-0.9728240966796875,-0.1511993408203125,-0.0298614501953125
1761915710602883800,7.5588837890625,-0.9785614013671875,-0.1488037109375,-0.0284881591796875
1761915710612937700,7.568937744140625,-0.9827117919921875,-0.1511077880859375,-0.027679443359375
1761915710622992000,7.578991943359375,-0.9812164306640625,-0.1529693603515625,-0.028839111328125
1761915710633045800,7.589045654296875,-0.976776123046875,-0.1526336669921875,-0.0313568115234375
1761915710643100000,7.599099853515625,-0.968475341796875,-0.153472900390625,-0.0317535400390625
1761915710653153500,7.609153564453125,-0.9632415771484375,-0.1550750732421875,-0.029296875
1761915710663207700,7.619207763671875,-0.9646453857421875,-0.15911865234375,-0.026275634765625
1761915710673261800,7.62926171875,-0.9729461669921875,-0.1634521484375,-0.02392578125
1761915710683315700,7.639315673828125,-0.975738525390625,-0.163543701171875,-0.02490234375
1761915710693371000,7.649370849609375,-0.9725799560546875,-0.160980224609375,-0.0247802734375
1761915710703424800,7.6594248046875,-0.9730987548828125,-0.1612396240234375,-0.0254364013671875
1761915710713479000,7.66947900390625,-0.97674560546875,-0.1602935791015625,-0.0255584716796875
1761915710723532800,7.67953271484375,-0.9766998291015625,-0.1608734130859375,-0.0235748291015625
1761915710733586700,7.689586669921875,-0.9737701416015625,-0.1629791259765625,-0.0251617431640625
1761915710743640600,7.699640625,-0.9731903076171875,-0.164764404296875,-0.023284912109375
1761915710753694700,7.70969482421875,-0.9763946533203125,-0.1672515869140625,-0.0225372314453125
1761915710763748900,7.719748779296875,-0.97784423828125,-0.168243408203125,-0.0237579345703125
1761915710773802800,7.729802734375,-0.97760009765625,-0.1666717529296875,-0.0249786376953125
1761915710783857000,7.73985693359375,-0.980316162109375,-0.1642303466796875,-0.0261383056640625
1761915710793911800,7.749911865234375,-0.9833984375,-0.16143798828125,-0.02728271484375
1761915710803965700,7.759965576171875,-0.982818603515625,-0.1586761474609375,-0.0278167724609375
1761915710814019600,7.77001953125,-0.9834747314453125,-0.158233642578125,-0.0283966064453125
1761915710824073700,7.78007373046875,-0.98468017578125,-0.1573486328125,-0.0292205810546875
1761915710834127600,7.790127685546875,-0.9868316650390625,-0.157196044921875,-0.029937744140625
1761915710844181800,7.800181640625,-0.98895263671875,-0.1601409912109375,-0.031982421875
1761915710854235600,7.810235595703125,-0.987091064453125,-0.1610870361328125,-0.031829833984375
1761915710864289800,7.820289794921875,-0.98065185546875,-0.1634368896484375,-0.0318603515625
1761915710874344000,7.830343994140625,-0.97320556640625,-0.1665191650390625,-0.033294677734375
1761915710884397800,7.840397705078125,-0.9712371826171875,-0.16632080078125,-0.03277587890625
1761915710894452700,7.85045263671875,-0.97772216796875,-0.164459228515625,-0.029449462890625
1761915710904506600,7.860506591796875,-0.98095703125,-0.166107177734375,-0.0262603759765625
1761915710914560800,7.870560791015625,-0.982177734375,-0.167266845703125,-0.0251007080078125
1761915710924614700,7.88061474609375,-0.9892425537109375,-0.169036865234375,-0.0231170654296875
1761915710934668800,7.890668701171875,-0.993194580078125,-0.1673736572265625,-0.0204315185546875
1761915710944722700,7.90072265625,-0.994110107421875,-0.1634368896484375,-0.02020263671875
1761915710954776800,7.91077685546875,-0.993743896484375,-0.16241455078125,-0.0207977294921875
1761915710964831000,7.9208310546875,-0.994964599609375,-0.16156005859375,-0.0229949951171875
1761915710974884900,7.930884765625,-0.9895477294921875,-0.1595001220703125,-0.025482177734375
1761915710984938800,7.940938720703125,-0.97613525390625,-0.157257080078125,-0.0278167724609375
1761915710994992600,7.95099267578125,-0.9650421142578125,-0.1595458984375,-0.02825927734375
1761915711005047800,7.9610478515625,-0.961456298828125,-0.1646728515625,-0.0279083251953125
1761915711015101700,7.971101806640625,-0.961944580078125,-0.17041015625,-0.0257720947265625
1761915711025155800,7.98115576171875,-0.9713592529296875,-0.1699371337890625,-0.0242156982421875
1761915711035209700,7.991209716796875,-0.979339599609375,-0.1659698486328125,-0.0216217041015625
1761915711045264000,8.001263916015626,-0.981170654296875,-0.1635589599609375,-0.0242462158203125
1761915711055317800,8.01131787109375,-0.9777069091796875,-0.16253662109375,-0.0263519287109375
1761915711065371600,8.02137158203125,-0.9721527099609375,-0.1597900390625,-0.0272216796875
1761915711075425800,8.03142578125,-0.9659881591796875,-0.15753173828125,-0.026275634765625
1761915711085479700,8.041479736328125,-0.96624755859375,-0.1568603515625,-0.0267791748046875
1761915711095533800,8.051533935546875,-0.9742584228515625,-0.162567138671875,-0.02630615234375
1761915711105588700,8.061588623046875,-0.982666015625,-0.1702423095703125,-0.0250091552734375
1761915711115643000,8.071642822265625,-0.9863128662109375,-0.174713134765625,-0.0223236083984375
1761915711125696800,8.08169677734375,-0.9814300537109375,-0.1725616455078125,-0.02142333984375
1761915711135747000,8.0917470703125,-0.9762420654296875,-0.167083740234375,-0.0216522216796875
1761915711145801000,8.101801025390625,-0.9713134765625,-0.1635894775390625,-0.023956298828125
1761915711155855000,8.111855224609375,-0.9682159423828125,-0.16259765625,-0.0247650146484375
1761915711165909000,8.121908935546875,-0.96917724609375,-0.1654815673828125,-0.0253143310546875
1761915711175963100,8.131963134765625,-0.9778594970703125,-0.1683807373046875,-0.022125244140625
1761915711186017000,8.14201708984375,-0.984100341796875,-0.1698760986328125,-0.0201416015625
1761915711196071200,8.1520712890625,-0.985382080078125,-0.1718292236328125,-0.0206756591796875
1761915711206126300,8.162126220703126,-0.9842529296875,-0.1740264892578125,-0.0214691162109375
1761915711216180000,8.172179931640626,-0.977447509765625,-0.172943115234375,-0.0242919921875
1761915711226234000,8.182234130859374,-0.96893310546875,-0.172576904296875,-0.0269775390625
1761915711236288000,8.1922880859375,-0.9637451171875,-0.1708831787109375,-0.02886962890625
1761915711246342100,8.202342041015624,-0.966888427734375,-0.1697235107421875,-0.0286712646484375
1761915711256396000,8.21239599609375,-0.97332763671875,-0.1680145263671875,-0.02655029296875
1761915711266450200,8.2224501953125,-0.979217529296875,-0.1678466796875,-0.02276611328125
1761915711276504000,8.232504150390625,-0.980712890625,-0.165863037109375,-0.02264404296875
1761915711286558200,8.24255810546875,-0.97882080078125,-0.1651458740234375,-0.024627685546875
1761915711296612000,8.252612060546875,-0.979705810546875,-0.167083740234375,-0.024871826171875
1761915711306666200,8.262666259765625,-0.979034423828125,-0.1661529541015625,-0.025177001953125
1761915711316721200,8.27272119140625,-0.977996826171875,-0.1666259765625,-0.0263519287109375
1761915711326775000,8.282775146484376,-0.98065185546875,-0.1628570556640625,-0.0269775390625
1761915711336829200,8.2928291015625,-0.9800872802734375,-0.1578521728515625,-0.02716064453125
1761915711346883000,8.302883056640624,-0.975921630859375,-0.1582794189453125,-0.0321197509765625
1761915711356937200,8.312937255859374,-0.972381591796875,-0.1589813232421875,-0.0312042236328125
1761915711366991000,8.3229912109375,-0.973114013671875,-0.164306640625,-0.0284271240234375
1761915711377045200,8.333045166015625,-0.9755096435546875,-0.1707305908203125,-0.0261383056640625
1761915711387099100,8.34309912109375,-0.973297119140625,-0.1745758056640625,-0.0235443115234375
1761915711397153000,8.353153076171875,-0.9694366455078125,-0.1761322021484375,-0.0231170654296875
1761915711407207000,8.36320703125,-0.966400146484375,-0.1748504638671875,-0.0233001708984375
1761915711417262000,8.373261962890625,-0.964111328125,-0.1737213134765625,-0.0231170654296875
1761915711427316200,8.383316162109375,-0.970001220703125,-0.1736907958984375,-0.0223846435546875
1761915711437370000,8.3933701171875,-0.980682373046875,-0.174407958984375,-0.019744873046875
1761915711447424300,8.40342431640625,-0.9935760498046875,-0.17205810546875,-0.0151214599609375
1761915711457478100,8.41347802734375,-1.0009307861328125,-0.1683502197265625,-0.01422119140625
1761915711467532000,8.423531982421874,-0.9961090087890625,-0.165374755859375,-0.0179901123046875
1761915711477586000,8.4335859375,-0.9854278564453125,-0.1640777587890625,-0.0232086181640625
1761915711487640000,8.44364013671875,-0.975799560546875,-0.163055419921875,-0.0254669189453125
1761915711497694000,8.45369384765625,-0.9725799560546875,-0.163848876953125,-0.0282745361328125
1761915711507748000,8.463748046875,-0.9785003662109375,-0.1646881103515625,-0.0291290283203125
1761915711517803300,8.47380322265625,-0.985595703125,-0.1642303466796875,-0.0265045166015625
1761915711527857200,8.483857177734375,-0.9886474609375,-0.165374755859375,-0.025604248046875
1761915711537911300,8.493911376953125,-0.984283447265625,-0.1669464111328125,-0.0283355712890625
1761915711547965000,8.50396484375,-0.9727935791015625,-0.1625213623046875,-0.0290679931640625
1761915711558019000,8.51401904296875,-0.9674072265625,-0.15753173828125,-0.026947021484375
1761915711568073000,8.524072998046876,-0.972198486328125,-0.15863037109375,-0.0245513916015625
1761915711578127000,8.534127197265626,-0.98052978515625,-0.1627197265625,-0.0223236083984375
1761915711588181000,8.544180908203124,-0.9858245849609375,-0.1649017333984375,-0.0218505859375
1761915711598235100,8.554235107421874,-0.9822540283203125,-0.1664581298828125,-0.0242462158203125
1761915711608289000,8.5642890625,-0.9720611572265625,-0.164459228515625,-0.0272674560546875
1761915711618343200,8.57434326171875,-0.9651947021484375,-0.1623687744140625,-0.0269775390625
1761915711628398000,8.584398193359375,-0.9666900634765625,-0.1636810302734375,-0.027130126953125
1761915711638452000,8.594451904296875,-0.9716644287109375,-0.1673431396484375,-0.02288818359375
1761915711648506000,8.604506103515625,-0.97406005859375,-0.1750946044921875,-0.0181884765625
1761915711658560000,8.61456005859375,-0.970367431640625,-0.183197021484375,-0.01605224609375
1761915711668614100,8.6246142578125,-0.966461181640625,-0.1870269775390625,-0.0148468017578125
1761915711678668000,8.63466796875,-0.9692230224609375,-0.1867828369140625,-0.013702392578125
1761915711688722200,8.64472216796875,-0.9765167236328125,-0.1812286376953125,-0.0157318115234375
1761915711698776000,8.654776123046876,-0.9806365966796875,-0.1727752685546875,-0.01904296875
1761915711708830200,8.664830322265624,-0.9826812744140625,-0.1677093505859375,-0.020416259765625
1761915711718884000,8.674884033203124,-0.9824981689453125,-0.1635589599609375,-0.0210723876953125
1761915711728938000,8.68493798828125,-0.9784393310546875,-0.162139892578125,-0.021575927734375
1761915711738993200,8.6949931640625,-0.9770965576171875,-0.16412353515625,-0.0217437744140625
1761915711749047000,8.705047119140625,-0.9789276123046875,-0.1660919189453125,-0.02001953125
1761915711759101200,8.71510107421875,-0.9825897216796875,-0.1667938232421875,-0.01751708984375
1761915711769155000,8.725155029296875,-0.982757568359375,-0.1681060791015625,-0.01727294921875
1761915711779209200,8.735209228515625,-0.9795684814453125,-0.1645050048828125,-0.0194854736328125
1761915711789263000,8.74526318359375,-0.977569580078125,-0.1605224609375,-0.0210418701171875
1761915711799317200,8.755317138671876,-0.97412109375,-0.1548004150390625,-0.0214691162109375
1761915711809371000,8.765370849609376,-0.978546142578125,-0.15338134765625,-0.0202484130859375
1761915711819425000,8.775425048828126,-0.9870147705078125,-0.15350341796875,-0.0199737548828125
1761915711829479200,8.785479248046874,-0.9931793212890625,-0.1510162353515625,-0.0196533203125
1761915711839534000,8.7955341796875,-0.9963836669921875,-0.1513671875,-0.01904296875
1761915711849588200,8.805588134765625,-0.9945831298828125,-0.153076171875,-0.0205230712890625
1761915711859642000,8.81564208984375,-0.9873504638671875,-0.156463623046875,-0.0209808349609375
1761915711869696300,8.8256962890625,-0.981414794921875,-0.1633453369140625,-0.021942138671875
1761915711879750000,8.83575,-0.9735870361328125,-0.1676483154296875,-0.0200958251953125
1761915711889804000,8.845803955078125,-0.9682464599609375,-0.172454833984375,-0.019439697265625
1761915711899858000,8.85585791015625,-0.9650421142578125,-0.1758270263671875,-0.0203857421875
1761915711909912000,8.865912109375,-0.9649658203125,-0.1714630126953125,-0.0200042724609375
1761915711919966000,8.875966064453126,-0.969818115234375,-0.1675567626953125,-0.0197906494140625
1761915711930020000,8.88602001953125,-0.977294921875,-0.16448974609375,-0.018280029296875
1761915711940075300,8.8960751953125,-0.9832611083984375,-0.164398193359375,-0.015960693359375
1761915711950129200,8.906129150390624,-0.9830322265625,-0.166412353515625,-0.0128326416015625
1761915711960183000,8.91618310546875,-0.980987548828125,-0.1695404052734375,-0.0137939453125
1761915711970237000,8.92623681640625,-0.975982666015625,-0.1716156005859375,-0.0159454345703125
1761915711980291000,8.936291015625,-0.97247314453125,-0.1683197021484375,-0.020416259765625
1761915711990345000,8.946344970703125,-0.9728240966796875,-0.1616668701171875,-0.02325439453125
1761915712000399000,8.956399169921875,-0.9745330810546875,-0.1568603515625,-0.0231475830078125
1761915712010453000,8.966452880859375,-0.9747772216796875,-0.1573028564453125,-0.0264739990234375
1761915712020507100,8.976507080078125,-0.9765167236328125,-0.1578826904296875,-0.02935791015625
1761915712030561300,8.986561279296875,-0.9772796630859375,-0.1553192138671875,-0.0290985107421875
1761915712040615200,8.996615234375,-0.974365234375,-0.1540374755859375,-0.0273590087890625
1761915712050670000,9.006670166015626,-0.9717559814453125,-0.1545867919921875,-0.025726318359375
1761915712060724000,9.016723876953124,-0.97552490234375,-0.1502532958984375,-0.0232391357421875
1761915712070778000,9.026778076171874,-0.9950714111328125,-0.1650238037109375,-0.0326080322265625
1761915712080832000,9.03683203125,-0.996917724609375,-0.1644744873046875,-0.027252197265625
1761915712090886100,9.04688623046875,-0.9884033203125,-0.1541900634765625,-0.02032470703125
1761915712100940000,9.05693994140625,-0.9757232666015625,-0.1497802734375,-0.02362060546875
1761915712110994200,9.066994140625,-0.9670257568359375,-0.1481781005859375,-0.029296875
1761915712121048300,9.07704833984375,-0.9697113037109375,-0.14825439453125,-0.030120849609375
1761915712131102200,9.087102294921875,-0.981109619140625,-0.1506195068359375,-0.0301361083984375
1761915712141155800,9.09715576171875,-0.984893798828125,-0.154052734375,-0.0276336669921875
1761915712151210500,9.10721044921875,-0.9839630126953125,-0.157928466796875,-0.024993896484375
1761915712161264600,9.1172646484375,-0.9842681884765625,-0.161529541015625,-0.0223236083984375
1761915712171318500,9.127318603515626,-0.9833831787109375,-0.162109375,-0.0206146240234375
1761915712181372700,9.13737255859375,-0.9806060791015625,-0.1626434326171875,-0.0203094482421875
1761915712191426800,9.1474267578125,-0.9786376953125,-0.1613616943359375,-0.0208892822265625
1761915712201480700,9.157480712890624,-0.9804534912109375,-0.1600799560546875,-0.02215576171875
1761915712211534800,9.167534912109375,-0.9837799072265625,-0.15777587890625,-0.0221405029296875
1761915712221588700,9.177588623046875,-0.9926910400390625,-0.155426025390625,-0.0201873779296875
1761915712231642600,9.187642578125,-0.9961395263671875,-0.15533447265625,-0.018463134765625
1761915712241696500,9.197696533203125,-0.993072509765625,-0.15582275390625,-0.0194854736328125
1761915712251751700,9.207751708984375,-0.988922119140625,-0.155364990234375,-0.0226898193359375
1761915712261805600,9.2178056640625,-0.9884033203125,-0.1544342041015625,-0.0248870849609375
1761915712271859700,9.227859619140625,-0.986968994140625,-0.151214599609375,-0.0261383056640625
1761915712281913900,9.237913818359376,-0.9849853515625,-0.148345947265625,-0.02740478515625
1761915712291967700,9.2479677734375,-0.98492431640625,-0.1464385986328125,-0.0289306640625
1761915712302021600,9.258021728515626,-0.9825286865234375,-0.1490020751953125,-0.0309295654296875
1761915712312075500,9.268075439453124,-0.975738525390625,-0.149658203125,-0.0333404541015625
1761915712322129700,9.278129638671874,-0.9685516357421875,-0.1521453857421875,-0.0320587158203125
1761915712332183600,9.28818359375,-0.964599609375,-0.15228271484375,-0.0308380126953125
1761915712342237700,9.29823779296875,-0.9648590087890625,-0.1542510986328125,-0.0282440185546875
1761915712352291600,9.30829150390625,-0.9642486572265625,-0.154754638671875,-0.0281982421875
1761915712362346800,9.3183466796875,-0.9647979736328125,-0.1540679931640625,-0.02923583984375
1761915712372400600,9.328400634765625,-0.96826171875,-0.152069091796875,-0.0281982421875
1761915712382454500,9.33845458984375,-0.9787139892578125,-0.15252685546875,-0.0272369384765625
1761915712392508700,9.3485087890625,-0.9913177490234375,-0.1533966064453125,-0.0236358642578125
1761915712402562600,9.3585625,-0.99774169921875,-0.1509246826171875,-0.02349853515625
1761915712412616700,9.36861669921875,-0.997406005859375,-0.149688720703125,-0.0247344970703125
1761915712422670600,9.378670654296876,-0.99188232421875,-0.1471405029296875,-0.0261993408203125
1761915712432724700,9.388724853515624,-0.988800048828125,-0.148712158203125,-0.0272674560546875
1761915712442778600,9.398778564453124,-0.98321533203125,-0.1517486572265625,-0.0292205810546875
1761915712452832800,9.408832763671874,-0.97607421875,-0.1543731689453125,-0.0271759033203125
1761915712462887400,9.418887451171875,-0.9711456298828125,-0.1580352783203125,-0.0272979736328125
1761915712472941600,9.428941650390625,-0.9674224853515625,-0.1602630615234375,-0.0273895263671875
1761915712482995700,9.43899560546875,-0.9633331298828125,-0.1594696044921875,-0.0276947021484375
1761915712493049600,9.449049560546875,-0.97467041015625,-0.1600189208984375,-0.0254364013671875
1761915712503103700,9.459103759765625,-0.9929046630859375,-0.1561431884765625,-0.018524169921875
1761915712513157600,9.46915771484375,-0.99969482421875,-0.1514892578125,-0.01708984375
1761915712523211800,9.479211669921876,-0.99676513671875,-0.1447601318359375,-0.0166015625
1761915712533265700,9.489265625,-0.9870147705078125,-0.1426849365234375,-0.0186309814453125
1761915712543319800,9.49931982421875,-0.985565185546875,-0.1479339599609375,-0.0257110595703125
1761915712553373700,9.509373779296874,-0.9889678955078125,-0.15411376953125,-0.0265045166015625
1761915712563427600,9.519427490234374,-0.9885406494140625,-0.153167724609375,-0.024169921875
1761915712573482800,9.529482666015625,-0.984954833984375,-0.1468048095703125,-0.0228118896484375
1761915712583536600,9.53953662109375,-0.980377197265625,-0.1483306884765625,-0.0286712646484375
1761915712593590800,9.5495908203125,-0.9692840576171875,-0.1428985595703125,-0.02734375
1761915712603644700,9.559644775390625,-0.9759674072265625,-0.1420135498046875,-0.025726318359375
1761915712613698800,9.56969873046875,-0.97564697265625,-0.15386962890625,-0.03826904296875
1761915712623752700,9.579752685546875,-0.9706268310546875,-0.1494598388671875,-0.034759521484375
1761915712633806600,9.589806640625,-0.978546142578125,-0.1499481201171875,-0.0319976806640625
1761915712643860500,9.599860595703126,-0.9790802001953125,-0.1572723388671875,-0.030853271484375
1761915712653914600,9.60991455078125,-0.970489501953125,-0.1607666015625,-0.030242919921875
1761915712663968500,9.619968505859376,-0.9658050537109375,-0.1597747802734375,-0.0299835205078125
1761915712674021600,9.630021728515626,-0.966796875,-0.1575469970703125,-0.0300140380859375
1761915712684075500,9.640075439453126,-0.971923828125,-0.154571533203125,-0.0303192138671875
1761915712694129700,9.650129638671874,-0.9861297607421875,-0.151092529296875,-0.0260467529296875
1761915712704183600,9.66018359375,-0.9958038330078125,-0.1500701904296875,-0.0225677490234375
1761915712714237700,9.67023779296875,-0.9974822998046875,-0.1486358642578125,-0.022216796875
1761915712724291600,9.68029150390625,-0.9931640625,-0.1468658447265625,-0.0229034423828125
1761915712734346800,9.6903466796875,-0.987884521484375,-0.146728515625,-0.0265960693359375
1761915712744400600,9.700400634765625,-0.9832763671875,-0.1475372314453125,-0.028656005859375
1761915712754454500,9.71045458984375,-0.9816741943359375,-0.14813232421875,-0.029388427734375
1761915712764508700,9.7205087890625,-0.97900390625,-0.150390625,-0.0301666259765625
1761915712774562600,9.7305625,-0.9769744873046875,-0.1509552001953125,-0.031768798828125
1761915712784616700,9.74061669921875,-0.9787750244140625,-0.1504974365234375,-0.0301361083984375
1761915712794670600,9.750670654296876,-0.9791717529296875,-0.1509246826171875,-0.0291595458984375
1761915712804724700,9.760724853515624,-0.97900390625,-0.1521148681640625,-0.0282135009765625
1761915712814778600,9.770778564453124,-0.990997314453125,-0.156036376953125,-0.02880859375
1761915712824832800,9.780832763671874,-0.9995880126953125,-0.1544647216796875,-0.0281524658203125
1761915712834887700,9.7908876953125,-0.9952392578125,-0.1492919921875,-0.0258636474609375
1761915712844941600,9.800941650390625,-0.99945068359375,-0.1508636474609375,-0.0260009765625
1761915712854995700,9.81099560546875,-1.0029296875,-0.1553497314453125,-0.028533935546875
1761915712865049600,9.821049560546875,-1.0041351318359375,-0.160980224609375,-0.029632568359375
1761915712875103700,9.831103759765625,-1.003265380859375,-0.164215087890625,-0.0241241455078125
1761915712885157600,9.84115771484375,-1.006256103515625,-0.1695404052734375,-0.02655029296875
1761915712895211800,9.851211669921875,-1.0032806396484375,-0.1717987060546875,-0.03118896484375
1761915712905265700,9.861265625,-0.99871826171875,-0.1683197021484375,-0.0331878662109375
1761915712915319800,9.87131982421875,-0.9995880126953125,-0.166839599609375,-0.0345611572265625
1761915712925373400,9.88137353515625,-0.998504638671875,-0.1669464111328125,-0.0404510498046875
1761915712935428600,9.8914287109375,-0.9890594482421875,-0.1628570556640625,-0.042205810546875
1761915712945482800,9.901482666015625,-0.9580841064453125,-0.1791839599609375,-0.0653228759765625
1761915712955536600,9.91153662109375,-0.9557647705078125,-0.17816162109375,-0.0641937255859375
1761915712965590800,9.9215908203125,-0.96417236328125,-0.1830902099609375,-0.0579681396484375
1761915712975644700,9.931644775390625,-0.9686431884765625,-0.19415283203125,-0.0591583251953125
1761915712985698800,9.94169873046875,-0.968994140625,-0.198333740234375,-0.0563507080078125
1761915712995752400,9.95175244140625,-0.9715728759765625,-0.2005767822265625,-0.0492401123046875
1761915713005806600,9.961806640625,-0.962005615234375,-0.2071685791015625,-0.0539703369140625
1761915713015860500,9.971860595703125,-0.9423828125,-0.21148681640625,-0.069976806640625
1761915713025915600,9.98191552734375,-0.9397430419921875,-0.210205078125,-0.0833587646484375
1761915713035969800,9.9919697265625,-0.949432373046875,-0.194366455078125,-0.082550048828125
1761915713046023700,10.002023681640624,-0.967620849609375,-0.18328857421875,-0.078887939453125
1761915713056077800,10.012077880859374,-0.987396240234375,-0.17852783203125,-0.07403564453125
1761915713066131700,10.022131591796875,-1.0186004638671875,-0.1770782470703125,-0.0635223388671875
1761915713076185600,10.032185546875,-1.053009033203125,-0.177490234375,-0.0521087646484375
1761915713086239500,10.042239501953125,-1.05841064453125,-0.1791534423828125,-0.0575103759765625
1761915713096293600,10.052293701171875,-1.028594970703125,-0.1827545166015625,-0.07244873046875
1761915713106347500,10.062347412109375,-0.98175048828125,-0.1837921142578125,-0.08502197265625
1761915713116402700,10.072402587890625,-0.9451751708984375,-0.18731689453125,-0.1002044677734375
1761915713126456800,10.082456787109376,-0.9363250732421875,-0.203033447265625,-0.114105224609375
1761915713136510700,10.0925107421875,-0.8953857421875,-0.25115966796875,-0.149139404296875
1761915713146565400,10.1025654296875,-0.81182861328125,-0.2743682861328125,-0.195892333984375
1761915713156619300,10.112619384765624,-0.834747314453125,-0.2519989013671875,-0.1636199951171875
1761915713166673400,10.12267333984375,-0.8635406494140625,-0.22137451171875,-0.1431427001953125
1761915713176727300,10.132727294921875,-0.914886474609375,-0.2217864990234375,-0.15087890625
1761915713186781400,10.142781494140625,-0.9292144775390625,-0.22491455078125,-0.160430908203125
1761915713196835300,10.15283544921875,-0.891204833984375,-0.2214813232421875,-0.1671600341796875
